content,label
1 về sản_phẩm_chất_lượng của boby thì không cần bàn_cãi nữa rồi rất tốt 2 về dịch_vụ vận_chuyển 10 điểm cho tiki nhé đặt_hàng siêu sales 11 / 11 mà chưa đầy 24h đã nhận được hàng các em giao hàng cực_kỳ dễ_thương nhã_nhặn và lịch_sự 3 phí vận_chuyển luôn rẻ hơn cửa_hàng e chỉ khi nào bên tiki không có mã hàng đó mình mới mua bên star star star thôi,5.0
mua 6 gói mà giao có 5 gói thất_vọng khi mua kiti làm_ăn thất_đức quá mong kiti kiểm_tra lại kĩ_càng trước khi giao lần đầu_tiên thấy thất_vọng quá_đáng 1star mà không được chọn 1star đành vào ứng_dụng kiti đánh_giá 1star vậy lần sau chừa không dám mua khăn giấy ở đây nữa mọi người cẩn_thận bị như em nhé thất_vọng toàn_tập,1.0
sản_phẩm giống mô_tả đóng_gói cẩn_thận nhân_viên giao hàng nhanh nhiệt_tình lần sau mình tiếp_tục ủng_hộ tiki,5.0
ko mùi giá tốt giao hàng nhanh các bạn hay mua hàng online hãy dùng ứng_dụng cashbag để được hoàn % tiền tải ứng_dụng cashbag hoặc cashbag vn / 5qedh8 nhập mã người giới_thiệu ( 5qedh8 ) để bạn và mình đều nhận được quà nhé,5.0
tikinow sáng đặt chiều có rồi dù trời mưa lớn nhưng gói hàng nguyên_vẹn hạn sử_dụng mới sản_xuất giá rẻ hơn giá ghi trên bao_bì đáng mua nha mọi người,5.0
đầu_tiên là thấy đóng_gói rất cẩn_thận hàng_hoá mở ra thấy ok về bên ngoài còn chất_lượng thì để xài xem ntn bạn shipe của tiki cũng rất nhiệt_tình nhà mình có người lớn_tuổi nên khi lấy hàng hơi mất thời_gian nhưng bạn giao hàng cũng rất vui_vẻ cảm_ơn tiki,5.0
mình săn sale 163k / 6 bịch mua hoá_đơn 600k được tặng gấu bông hạn sử_dụng thì bao_xa nên cứ mua thoải_mái bé dùng nhiều lắm ạ tiki giao nhanh đóng hàng cẩn thân,5.0
ăn canh đu_đủ đi mom vừa có sữa vừa nhuận_tràng ( dễ đi ị ) em sinh mổ ở bv 5 ngày đau vết mổ không dám đi ị sợ rặn thì bục vết mổ xuất_viện về nhà_ăn canh đu_đủ cho có sữa ai_ngờ tác_dụng phụ đi ị trơn_tru luôn nhẹ cả người,1.0
giao hàng siêu nhanh tối đặt trưa ngày hôm sau nhận được sẽ ủng_hộ cửa_hàng thêm nhiều lần nữa hen,5.0
khăn mềm mịn không mùi xài cho bé an_toàn lắm ạ,5.0
lúc_nào cũng đem theo trong giỏ có con nhỏ rút ra lau cho bé an_toàn giá ổn bé cơ_địa dị_ứng nhưng xài không thấy bị nổi mẩn,4.0
gói hàng đẹp nhưng giao hàng chậm chà_do dịch_bệnh nhưng theo_dõi trưen hệ_thống vẫn thấy điwn mình đang chờ xữ lý positive positive positive hình_ảnh mang tính_chất lấy xu,5.0
giao hàng nhanh đóng_gói cẩn_thận,5.0
hài_lòng,5.0
giao hàng nhanh sản_phẩm tốt,5.0
rất hài_lòng,5.0
sản_phẩm đúng như yêu_cầu của đơn hàng,1.0
đóng_gói rất cẩn_thận nhưng giao hàng lâu quá quà tặng dễ_thương_cảm_ơn cửa_hàng,5.0
nhận đủ hàng trước giờ xài khăn ướt hugies giờ dùng thử boby khăn mỏng như giấy ướt thông_thường nhưng mềm hơn nói_chung ổn,5.0
tiki giao hàng nhanh hơn lịch hẹn điểm 10 về tốc_độ giao hàng của tiki sản_phẩm y hình khăn ướt hiệu boby care mình mua dùng cho trẻ nhỏ nên an_tâm về chất_lượng sẽ tiếp_tục ủng_hộ tiki dài_dài,5.0
mua 1 lần 12 gói để được tươi ip và không thấy hối_hận giấy dai mềm và không mùi con mình sử_dụng lau cũng không bị hăm hay có vấn_đề gì đã dùng gần hết và vừa đặt thêm 12 gói nữa,5.0
sản_phẩm chính hãng dùng ok mua được giá tốt đây là lần mua lại thứ 3 hay 4 gì đó rồi rất tin_tưởng mua hàng của tiki,5.0
mình dùng lần đầu để trải nghiệm mình đánh_giá bổ_sung sau nhé hàng đóng_gói tạm ổn shiper giao hàng nhanh dễ_chịu,5.0
tiki giao hàng siêu_tốc rất nhanh chưa đến 2 tiếng đã nhận được hàng positive cám_ơn tiki rất nhiều chắc_chắn sẽ mua lại positive,5.0
sản_phẩm khăn giấy ướt được đóng_gói cẩn_thận giao hàng nhanh_chóng sáng đặt chiều đã giao luôn tôi rất hài_lòng,5.0
khăn ướt mềm_mỏng mịn êm rất tuyệt_vời giao hàng nhanh nữa mình đặt chiều hôm_qua mà sáng nay hàng đã về rồi ạ,5.0
thiết_kế lấy khăn tốt chất_lượng khăn tốt khăn nhỏ và mỏng hơn agi nhưng giá rẻ hơn ( so giá trên tiki ),5.0
mình chỉ dùng sản_phẩm khăn ướt của boby thôi vì yên_tâm chất_lượng nhưng bao_bì mới của sản_phẩm rất dễ nhầu và bị xấu nhìn cứ như bị bẩn ở 4 gốc á cty nên nghiên_cứu lại chất_lượng bao_bì đóng_gói,5.0
không chứa cồn không mùi an_toàn cho bé giao hàng cực nhanh 10000 positive ️ tiki,5.0
giao hàng nhanh hàng chính hãng xài rất tốt xài này xong không muốn chuyển qua loại khác,5.0
nhận hàng được tặng kèm hộp mặt_hàng ok tuy_nhiên giao hàng hơi lâu minh đặt gần 2 tuần mới nhận được,4.0
giao nhanh gói kỹ hàng mới đúng chất_lượng rẻ hơn nhiều so mua chỗ khác,5.0
giao hàng nhanh giá rẻ mọi khi mua bên cửa_hàng e nay thấy bên này rẻ hơn mà vận_chuyển nhanh sẽ ủng_hộ lâu_dài,5.0
đang dùng rất tốt nên thấy có deal tốt là mua ngay hàng đóng_gói không được tốt dưới thùng bị ướt thùng móp méo bị rạch may_mắn hàng bên trong không sao,5.0
ăn toàn cho bé giá rẻ nữa ok,5.0
dùng rất tốt giá rẻ,5.0
sản_phẩm giống mô_tả chất_lượng tốt giao hàng nhanh hơn dự_kiến nhân_viên nhiệt_tình chu_đáo sẽ ủng_hộ dài_dài cám_ơn tiki,5.0
boby thì không còn gì phải bàn rồi giấy mềm mịn tốt mùi thì không có nên dùng lau mắt lau miệng rất an_toàn và không bị hăng,5.0
giấy không mùi an_toàn cho bé đã mua nhiều lần,5.0
sản_phẩm tốt chất_lượng giao hàng nhanh tư_vấn rất nhiệt_tình chu_đáo shiper cũng rất dễ_thương cám_ơn cửa_hàng nhiều lắm nhé,5.0
sản_phẩm tốt nguyên seal đủ số_lượng,5.0
tốt,5.0
đóng_gói cẩn_thận sản_phẩm tiện_lợi có_thể sử_dụng cho trẻ_em giao hàng chậm hơn so với dự_kiến shiper nhiệt_tình dễ_thương,5.0
giao hàng nhanh sản_phẩm_chất_lượng sẽ ủng_hộ lần tới,5.0
hàng đóng_gói chắc đẹp hôm mình mua ngày 10 / 10 có được tặng chăn mà cuối_cùng không thấy cái chăn nào cả hơi thất_vọng,1.0
giao hàng nhanh mua được giá tốt lại còn có nhiều quà chưa xài nên không biết chất_lượng thế_nào nếu ổn sẽ tiếp_tục mua,5.0
sản_phẩm đúng như tả gói hàng đẹp chắc_chắn giá lại rất hời luôn rất nên mua nhé lần tới mình lại ủng_hộ tiếp ạ,5.0
sao mẫu nó lạ vậy ạ mà hạn sử_dụng là mới sản_xuất 2022,5.0
giao hàng nhanh đóng_gói cẩn_thận sản_phẩm thích_hợp dùng cho trẻ_em tiện_lợi mang theo khi đi ra ngoài sẽ ủng_hộ tiếp lần sau,5.0
tiki giao hàng siêu nhanh mới đặt hôm_qua mà sáng nay nhận rồi được dịp sale và áp mã moca nên khá rẻ,5.0
sản_phẩm đúng mô_tả hạn sử_dụng xa giao từ hà_nội nên lâu,5.0
cửa_hàng đóng_gói cẩn_thận đúng đủ sản_phẩm bé dùng rất tiện,5.0
hàng ok shiper giao hàng thân_thiện,5.0
sản_phẩm tốt sẽ ủng_hộ tiếp giao hàng rất nhanh dù trong mùa dịch giao hàng siêu nhanh hàng đảm_bảo chất_lượng uy_tín,5.0
mua giá tốt 139k / 6 gói lúc mua thấy đề được tặng 1 gói khăn ướt trị_giá 100k rất mong_chờ để nhận nhưng nay nhận nó nhỏ_xíu à bé như gói khăn ướt 5k mình hay mua t,5.0
sản phầm như hình chất mềm đủ số_lượng hạn sử_dụng mới,5.0
mình xài rất tốt sẽ đặt lại,5.0
cực_kì hài_lòng,5.0
giao hàng nhanh đóng_gói cẩn_thận nhân_viên thân_thiện hàng_hoá nguyên_vẹn không móp méo,5.0
vì bận con nhỏ nên lúc nhận hàng không kiểm_tra kĩ vào nhìn thì thấy chỉ còn 5b túi_bóng bọc ngoài bị rách,1.0
giao hàng siêu nhanh sản_phẩm y hình luôn nha,5.0
rất là ok luôn nha thích nhất là rút ra xong 1 tờ có khoá thông_minh không bị ra 1 nùi như các loại khác,5.0
giao hàng siêu nhanh đóng_gói chắc_chắn a giao hàng dễ_thương săn được giá siêu rẻ nên mình mua luôn 5 combo hàng thì chất_lượng khỏi phải bàn mình đã mua rất nhiều lần rồi hạn sử_dụng còn xa đến tháng 8 / 2023 bao_bì mới_toanh sạch_sẽ,5.0
sản_phẩm rất ok mua nhiều lại tiết_kiệm nhiều,5.0
nhan vien giao hang cực thân_thiện va tốt_bụng mùa dịch nen nhận hàng lâu hơn bình thuong chua sdung nen chua danh gia được sản_phẩm,5.0
sản_phẩm rất ok mình đã sử_dụng sản_phẩm này thường_xuyên,5.0
nhà mình dùng cho bé và cả nhà quen loại này rồi không mùi dùng thích mua combo tính ra rẻ hơn ngoài siêu_thị nhiều,5.0
mua lần 2 đã rẻ mà còn tươi ip và giao hàng nhanh như 1 cơn gió bỉm khá là ok thấm hút tốt trộm_vía ị không tràn bao_giờ dù bé ị siêu nhiều nên mua nhé,5.0
an_toàn cho bé không mùi chất_liệu mềm_mại phù_hợp với da trẻ sơ_sinh,5.0
mua combo rẻ quá trời sẽ mua tiếp,5.0
mùa dịch này chỉ có tiki là giao hàng nhanh đúng hẹn,5.0
sản_phẩm rất tốt giao hàng nhanh,5.0
mới đặt_hàng tối qua mà trưa nay đã nhận giao siêu nhanh và đóng_gói rất cẩn_thận hạn sử_dụng xa 2024,5.0
hàng giao nhanh đóng_gói cẩn_thận,5.0
sản_phẩm đẹp giống hình cửa_hàng đóng_gói kĩ giao hàng nhanh rất đáng tiền,5.0
sản_phẩm tốt,5.0
rất thích hàng chính hãng giá hời,5.0
tốt sản_phẩm an_toàn cho trẻ nhỏ,5.0
mùa dịch giao hơi lâu chất_lượng sản_phẩm ok mua được giá giảm khuyến_mãi cám_ơn tiki rất nhiều,5.0
khăn ướt mịn giá rẻ đóng_gói cẩn_thận ok,5.0
giao hàng đầy_đủ chất_lượng tốt không biết bao_giờ dùng mới hết positive ) ) ),5.0
đóng_gói cẩn_thận giá rẻ hơn mua ở ngoài mua 12 gói được miễn_phí giao hàng sẽ tiếp_tục ủng_hộ tiki,5.0
giao nhanh giá rẻ rất hài_lòng,5.0
combo 6 gói mà giao có 5 gói không có phần chất để người mua tiện liên_lạc,5.0
giá tốt giao hàng nhanh,5.0
giá_cả quá tốt so với mặt_bằng chung hàng hạn sử_dụng mới mẫu mới luôn,5.0
an_toàn cho bé nhưng mà mình vẫn cảm_thấy có mùi hơi hắc nhưng nhẹ lắm nhé,4.0
thích nhất là giao hàng siêu nhanh đặt lúc tối muộn mà sáng hôm sau giao rồi,5.0
sản_phẩm tốt mọi người bên mua về dùng thích_hợp cho cả trẻ sơ_sinh và người_lớn nưa,5.0
khăn ướt của boby thì chất_lượng miễn bàn mà mua được giá mềm quá luôn ủng_hộ lâu_dài giao hàng lâu một_chút không sao dich mà thông_cảm_nè positive ️ positive ️ positive ️,5.0
đóng_gói hàng đẹp giá rẻ hơn nhiều so với mua ngoài tiệm nhưng đợt này tiki giao hàng chậm,5.0
combo khỏi bàn vì mình chỉ có săn combo kiểu này mua cho tiện thôi nhé cám_ơn boby and tiki,5.0
hang giao nhanh dong goi can than chất luong tốt minh dung nhieu lan roi thay ưng y gia dang duoc khuyen mai rất tot,5.0
hàng đúng chủng_loại giao hàng quá nhanh mới đặt trưa hôm_qua sáng nay đã giao hàng hài_lòng,5.0
bao_bì đẹp,5.0
tiki giao hàng quá nhanh boby thì có tiếng rồi mình mua đợt giảm_giá nữa quá ok luôn,5.0
ưng nhất là khâu giao hàng của tiki giao hàng cực nhanh mới đặt chiều_tối qua mà sáng nay đã nhận được hàng hàng đúng như mô_tả,5.0
giá_cả vừa phải chỉ hơi khó giật ra nói_chung ổn các mẹ ạ,4.0
cửa_hàng giao hàng siêu_tốc,5.0
sản_phẩm đúng mô_tả số_lượng đủ còn chưa dùng nên chưa biết chất_lượng ra sao,5.0
mình rất ưng_ý giao nhanh sản_phẩm rất tốt mình sẽ ủng_hộ cửa_hàng tiếp,5.0
săn mấy cái này trên tiki rẻ hơn mua_lẻ ở ngoài rất nhiều dùng ok vì không mùi mình chuyên xài lau mông cho bé,5.0
mua dịp sale giá phải_chăng mua 3 đơn để dùng mà mới giao 1 đơn nhưng vẫn cho 5star,5.0
sản_phẩm_chất_lượng tốt giá tốt đóng_gói cẩn_thận giao hàng nhanh hơn dự_kiến,5.0
xài rất là ok luôn nha phù_hợp với bé sơ_sinh và trẻ nhỏ,5.0
mùa dịch giao hàng hơi lâu hàng đúng số_lượng mẫu_mã đặt,5.0
săn sale được giá tốt hạn sử_dụng xa khăn boby mềm xài thích lắm luôn nên mua nha mọi người ơi,5.0
rẻ uy_tín chất_lượng hài_lòng,5.0
cực_kì hài_lòng,5.0
combo tiết_kiệm 6 gói khăn ướt boby mua nhiều giá rẻ,5.0
giao hàng nhanh chất_lượng sản_phẩm tốt đáng tiền nên mua nha,5.0
cho 5star nha bạn chất_lượng y hình đúng hàng nên mua nha mọi người,5.0
rẻ hơn nhiều mua ở ngoài,5.0
sale rẻ nên mua luôn 12 gói để xài dần cửa_hàng giao hàng nhanh sẽ ủng_hộ tiếp,5.0
ổn dùng rồi mới biết giá rẻ,5.0
sản_phẩm tôt giá rẻ giao hàng nhanh hình_ảnh mang tính_chất nhận xu,5.0
cửa_hàng giao đủ gói hơi sơ xài áp mã đổi từ astra nên giá cũng ổn,5.0
sản_phẩm tốt giấy mềm combo siêu rẻ lại tiết_kiệm lần đầu đặt tiki sẽ ủng_hộ tiếp,5.0
sản_phẩm ok chất_lượng dùng cho bé sơ_sinh ổn,5.0
chất_lượng tốt khăn mềm,5.0
sản_phẩm tốt chất_lượng gói hàng cẩn_thận shiper nhiệt_tình sẽ ủng_hộ thêm nữa,5.0
combo phù_hợp với giá đình có trẻ nhỏ hàng serie mới giá khuyến_mãi giao hàng chất_lượng cảm_ơn tiki,5.0
giá rẻ hơn mua_lẻ chất_lượng đã sử_dụng rất nhiều lần và ưng_ý hơn nhiều loại khăn giấy ướt khác cám_ơn cửa_hàng và tiki nhé,5.0
chất_lượng tốt cảm_ơn cửa_hàng,5.0
sản_phẩm_giá tốt tiki giao hàng nhanh anh shiper thân_thiện sẽ ủng_hộ cửa_hàng lần sau,5.0
mua flashsales giá rất rẻ giấy dùng vệ_sinh cho baby rất tiện_dụng không mùi hương,5.0
sản_phẩm giao nhanh và sạch_sẽ,5.0
sản_phẩm tuyệt_vời hạn sử_dụng 5 / 2024,5.0
đã nhận được hàng sản_phẩm_chất_lượng giao hàng nhanh săn sale giá tốt ảnh minh_hoạ positive,5.0
đóng_gói đẹp gọn hạn sử_dụng xa sẽ típ tục ủn hộ tiki,5.0
tiki giao hàng rất nhanh đóng_gói rất kỹ cảm_ơn tiki,5.0
giao hàng nhanh giá_cả hợp_lý chất_lượng tốt,5.0
ok,5.0
hạn sử_dụng khá xa giao hàng nhanh_chóng khuyến_mãi giá rẻ hơn thị_trường nhiều,5.0
cực_kì hài_lòng,5.0
giao hàng nhanh sản_phẩm_chất_lượng nhân_viên giao hàng nhiệt_tình,5.0
giao hàng nhanh hàng tốt còn được tặng quà,5.0
gói hàng cẩn_thận giá rẻ rất ưng_ý,5.0
đã nhận được các sản_phẩm của cửa_hàng các sản_phẩm đúng như cửa_hàng đã mô_tả,5.0
gft,5.0
cực_kì hài_lòng,5.0
giao nhanh đã dùng khăn giấy boby từ sơ_sinh giờ bé gần 2t rồi vẫn thích,5.0
cực_kì hài_lòng,5.0
sản_phẩm rất tốt giao hàng nhanh hàng chính hãng giá rẻ sẽ ủng_hộ tiếp,5.0
very tốt,5.0
sản_phẩm rất chất_lượng đóng_gói cẩn_thận và giao hàng nhanh,5.0
cực_kì hài_lòng,5.0
giao hàng siêu nhanh đặt hôm trước hôm sau có hàng chất_lượng rất tốt,5.0
giao hàng siêu nhanh áp mã giảm nên giá rẻ hạn sử_dụng xa rất hài_lòng,5.0
khăn boby dùng rất sướng thiết_kế kéo giầy thông_minh giúp giấy không dính nhau khi kéo ra,5.0
giao hàng nhanh đóng_gói ổn_áp chất_lượng phù_hợp giá tiền đang dùng sẽ cập_nhật,5.0
khăn ướt xài rất tốt mình rất hài_lòng,5.0
giao hàng siêu nhanh đóng_gói gọn_gàng giá giảm rất tốt,5.0
hàng tốt,5.0
oke giá rẻ hơn so với thị_trường chất_lượng ok,5.0
giá ổn chưa có người dùng thử nên chưa hỏi để đánh_giá được,5.0
giao hàng nhanh đóng_gói cẩn_thận giao hàng đáng yêu sản_phẩm như mô_tả,5.0
giá rẻ hạn sử_dụng xa giao hàng rất nhanh mình mua 6 bịch còn được fre giao hàng nên cứ gần hết lại đặt mua,5.0
sản_phẩm_chất_lượng giá hợp_lý,5.0
cháu tôi mới 8 tháng và các chị nó vẫn thích sản_phẩm này hàng ngày rất cảm_ơn tiki mời mua sản_phẩm này,5.0
ổn trong tầm giá,5.0
hàng chính hang hạn sử_dụng xa,5.0
giao hàng nhanh sản_phẩm_chất_lượng tốt chính hãng positive,5.0
chất_lượng đúng nhiw quả ng_cáo,5.0
cực_kì hài_lòng,5.0
giao hành nhanh sản_phẩm an_toàn không có cồn dịu nhẹ với da bé,5.0
tiki giao hàng nhanh mới mua chưa sử_dụng nhưng thấy gói hàng gọn đẹp,5.0
giá hợp_lý mà thiết_kế có nắp đậy có thanh cản giấy để lấy giấy dễ_dàng không mùi độ ướt vừa đủ nói_chung rất hài_lòng,5.0
cảm_giác đợt này sản_phẩm không chất_lượng túi dựng vừa tháo bọc kính đã bị phuy sẵn giấy mỏng hơn nhiều so với loại đang xài bao_bì không bóng như trc mạc kháng khuẩn in luôn chứ không phải dán tháo ra được mình đang thắc_mắc do hãng đổi bao_bì hay sản_phẩm mình mua là hàng nhái mong tiki sớm cho phản_hồi,1.0
cực_kì hài_lòng,5.0
cực_kì hài_lòng,5.0
sản_phẩm rất tốt đóng_gói kỉ,5.0
giao siêu nhanh đóng_gói bình_thường mua boby nhiều rẻ và có km dùng tốt,5.0
cực_kì hài_lòng,5.0
chất_lượng của boby thì khỏi phải bàn canh sale giá vừa rẻ giao hàng lại nhanh,5.0
tiki giao hàng nhanh đóng_gói cẩn_thận sản_phẩm chính hãng nên mua nha mọi người,5.0
khăn ướt giao nhanh đóng_gói bọc mỗi màng co hàng không vấn_đề nhưng cảm_giác bọc hàng vậy không đảm_bảo,5.0
cực_kì hài_lòng,5.0
cực_kì hài_lòng,5.0
cực_kì hài_lòng,5.0
giao hàng siêu nhanh chất_lượng sản_phẩm tuyệt_vời,5.0
cực_kì hài_lòng,5.0
cực_kì hài_lòng,5.0
bao_bì mới giá rẻ đóng hàng kĩ,5.0
hộp ngoài có hơi móp nhưng bên trong vẫn ok,4.0
giá và chất_lượng tốt giao hàng nhanh,5.0
sản_phẩm_chất_lượng không mùi không gây kích_ứng da,5.0
cực_kì hài_lòng,5.0
ok,5.0
giá rẻ chất_lượng tốt khá kinh_tế giao hàng khá nhanh,5.0
mua được giá sale nên rất ưng_í nha hết_sức hài_lòng,5.0
giao hàng cực nhanh tối hôm_qua đặt sáng nay đã tới khăn ướt của boby thì chất_lượng khỏi bàn rồi,5.0
chất_lượng sản_phẩm tốt đóng_gói cẩn_thận giao hàng nhanh,5.0
sản_phẩm tốt hạn sử_dụng xa,5.0
nhận đủ hàng và số_lượng đúng mẫu chọn,5.0
mua sale siêu hời tiện_lợi vì hộp khăn giấy khi rút không bị dính vào nhau siêu thích không có mùi nên chắc đảm_bảo cho em bé,5.0
sản_phẩm giống mô_tả giao hàng nhanh,5.0
cực_kì hài_lòng,5.0
ok,5.0
sản_phẩm rất tốt,5.0
8uhdghđh,5.0
rất ưng_ý khi nhận hàng nếumua ở ngoài chắc giá cao hơn,5.0
giá rẻ khi mua combo sẽ ủng_hộ cửa_hàng thêm,5.0
haq chính hãng giá rẻ hơn ở ngoài cac mom nên mua_nhe,5.0
mua được lúc sale nên tính ra 1 gói 24k cũng rẻ hơn mua ở ngoài,5.0
cực_kì hài_lòng,5.0
giao hàng nhanh đóng_gói cẩn_thận,5.0
đã mua nhiều lần không nói nhiều,5.0
đặt rất nhiều lần rồi hàng hạn sử_dụng còn xa giá rẻ mà đảm_bảo chất_lượng,5.0
sản_phẩm_chất_lượng đúng hãng đúng mô_tả sẽ mua tiếp,5.0
cực_kì hài_lòng,5.0
quớ ei đl ck ck ck họ ck giờ vk ăn up ck đó vk hồ vk ck đi ck đi đi vk được ck ck hm vk đn vk giờ vk gì giờ vk ck ck,5.0
cực_kì hài_lòng,5.0
thông_tin giao_dịch rõ_ràng thuận_lợi giao hàng nhanh bao_gói và chất_lượng hàng đảm như mô_tả và cam_kết,5.0
cực_kì hài_lòng,5.0
cực_kì hài_lòng,5.0
màu dịch giao hơi lâu nhưng nhận được là mừng lắm r,5.0
đóng_gói đẹp và chắc_chắn hàng giao siêu nhanh đặt chiều_tối hôm trước mà hôm sau đã nhận được rồi,5.0
giao hàng nhanh sản_phẩm ok mua lúc km giảm_giá nên khá rẻ so với giá bán trong cửa_hàng,5.0
hàng đúng như hình mua ở tiki nên yên_tâm chất_lượng,5.0
mua được giảm_giá chưa dùng nên chưa biết,5.0
dày_dặn thích_hợp cho bé giao hàng nahnh chóng,5.0
giá ổn minh thích dung hơn mamamy hoac agi,5.0
sản_phẩm như hình đúng mô_tả của cửa_hàng đóng_gói cẩn_thận giao hàng nhanh sẽ ủng_hộ cảm_ơn cửa_hàng,5.0
mua tích_trữ định mua 6 gói thôi nhưng giá thiếu 1k để được tươi ip nên mua thêm 6 gói nữa,5.0
nhận hàng xong quay lại thấy sale cay,5.0
sản_phẩm tuyệt_vời,5.0
sản_phẩm sử_dụng rất tốt trc h sử_dụng cho bé nhà mình rất thích nay mua ở đây được fre giao hàng nữa rất hài_lòng,5.0
cực_kì hài_lòng,5.0
chất_lượng rất ok,5.0
hàng chính hãng giao hành chuẩn giá rẻ hơn mua ngoài,5.0
sản_phẩm_chất_lượng giá tốt sẽ ủng_hộ tiếp,5.0
giao hàng siêu lâu,5.0
giao hàng siêu nhanh hạn sử_dụng mới mẫu mới rất ưng_ý nhân_viên giao hàng dễ_thương giá ổn,5.0
giao hàng nhanh chất_lượng sản_phẩm tốt,5.0
giá rẻ hơn mua trong các cửa_hàng mẹ và bé,5.0
tốt,5.0
cực_kì hài_lòng,5.0
giá ok,5.0
khăn ướt mềm mịn không bị khô phù_hợp cho bé,5.0
sản_phẩm tốt và chính hãng,5.0
hàng chất_lượng cao giao hàng nhanh hơn dự_kiến,5.0
giao nhanh giá rẻ nên mua,5.0
sản_phẩm tốt giao hàng nhanh,5.0
cực_kì hài_lòng,5.0
ship nhanh lắm mà giá rẻ hơn thị_trường nha mọi người,5.0
giao nhanh giá tốt phù_hợp với em bé,5.0
giá rẻ đủ hàng mình thấy giấy loại này hơi nhỏ và mỏng mùi không được thơm,5.0
giao hàng thân_thiện sản_phẩm tốt,5.0
giao hàng nhanh chất_lượng tốt,5.0
cực_kì hài_lòng,5.0
mua rất nhiều lần và vẫn rất hài_lòng,5.0
anh giao hàng chu_đáo và cẩn_thận khi mình nhờ dán lên hàng_rào song cửa lúc mình chưa kịp về nhận hàng,5.0
sản_phẩm giống như hình giao hàng nhanh,5.0
san phẩm đúng giao hàng nhanh,5.0
cực_kì hài_lòng,5.0
giao hàng nhanh gọn và đúng hàng,5.0
xài tốt giao hàng nhanh,5.0
ok rẻ hơn giá mua_lẻ ở quán,5.0
tiki giao hàng nhanh đóng_gói cẩn_thận,5.0
ko mùi xài tốt cho trẻ sơ_sinh,5.0
cực_kì hài_lòng,5.0
giao hàng nhanh,5.0
cực_kì hài_lòng,5.0
san pham tốt giao hang_nhanh,5.0
cực_kì hài_lòng,5.0
giao hàng nhanh giá_cả hợp_lý,5.0
sản_phẩm tốt đã dùng và mua lại nhiều lần,5.0
giao nhanh giá quá tốt luôn nè,5.0
hàng chuẩn mà giá lại rẻ sẽ ủng_hộ tiếp,5.0
qua tốt qua re,5.0
sản_phẩm dùng tốt khá ok giá_thành vừa phải vận_chuyển siêu nhanh sẽ ủng_hộ tiếp,5.0
sản_phẩm thay_đổi mẫu_mã,5.0
hàng đúng miêu_tả giao hàng nhanh,5.0
hài_lòng đã mua nhiều lần,5.0
sản_phẩm tốt giao hàng nhanh_chóng,5.0
gửi hàng lần nay nhanh gọn lẹ,5.0
cực_kì hài_lòng,5.0
giao hàng nhanh gói kỹ sản_phẩm sử_dụng ok sẽ ủng_hộ thêm,5.0
cửa_hàng giao nhanh that 2 ngay da co hang,5.0
khăn mềm và dai sử_dụng cho bé ok lắm mình đã mua rất nhiều rồi chỉ thích xài loại này thôi,5.0
sản_phẩm đóng_gói cẩn_thận,5.0
cực_kì hài_lòng,5.0
cực_kì hài_lòng,5.0
okay,5.0
mua được giá sale nên rẻ hơn so với mua bên ngoài hy_vọng sẽ có nhiều km cho các mẹ bỉm lựa_chọn,5.0
sản_phẩm đúng chuẩn hạn sử_dụng mới,5.0
sản_phẩm quá ok nha giá lại rẻ,5.0
rat tot,5.0
mua được giá sale nên khá hời,5.0
cực_kì hài_lòng,5.0
cực_kì hài_lòng,5.0
cực_kì hài_lòng,5.0
giao nhanh,5.0
rẻ,5.0
sản_phẩm tốt giao hàng đủ số_lượng,5.0
cực_kì hài_lòng,5.0
cực_kì hài_lòng,5.0
cực_kì hài_lòng,5.0
cực_kì hài_lòng,5.0
giao đúng hàng sản_phẩm sử_dụng tốt,5.0
sản_phẩm_giá tốt xài ok,5.0
san pham chinh hang_gia tốt dong goi can than,5.0
hàng tốt giá mềm,5.0
cực_kì hài_lòng,5.0
cực_kì hài_lòng,5.0
khăn không mùi không bị khô da an_toàn cho em bé,5.0
sản_phẩm_chất_lượng giá_cả phải_chăng vận_chuyển nhanh em cho 5star lần sau e mua tiếp,5.0
giao hàng nhanh đóng_gói đẹp nhân_viên thân_thiện,5.0
sản_phẩm tốt giao hàng nhanh,5.0
cực_kì hài_lòng,5.0
mua từ tiki nên yên_tâm đã mua 2 lần và sử_dụng rất tốt đúng hàng của boby,5.0
giao nhanh đóng_gói chắc_chắn,5.0
cực_kì hài_lòng,5.0
sản_phẩm hợp giá tiền,5.0
giá tốt giao hành nhanh,5.0
khăn dịu nhẹ với da e bé sử_dụng tiện_lợi săn sale giá tốt,5.0
cực_kì hài_lòng,5.0
cực_kì hài_lòng,5.0
đúng hàng đúng số_lượng,5.0
positivepositivepositive,5.0
giá_thành ok sản_phẩm tốt,5.0
sản_phẩm tốt đóng_gói kỹ,5.0
cực_kì hài_lòng,5.0
đã nhận được hàng sản_phẩm ok,5.0
cực_kì hài_lòng,5.0
cực_kì hài_lòng,5.0
cực_kì hài_lòng,5.0
sẽ ủng_hộ cửa_hàng tiếp,5.0
hàng giao nhanh dùng tốt,5.0
ok,5.0
ship nhanh mới sản_xuất giá tầm trung,5.0
sản phản dùng rất tốt mùi dễ_chịu,5.0
cực_kì hài_lòng,5.0
sản_phẩm ok tiếp_tục ủng_hộ,5.0
cực_kì hài_lòng,5.0
giá rẻ lại fre giao hàng hài_lòng,5.0
cực_kì hài_lòng,5.0
chất_lượng sản_phẩm tốt cửa_hàng giao hàng siêu nhanh đóng_gói cẩn_thận,5.0
cực_kì hài_lòng,5.0
cực_kì hài_lòng,5.0
đóng_gói ok giao hàng nhanh,5.0
rẻ tốt,5.0
hàng đóng_hộp cẩn_thận,5.0
hàng ngon đúng như mô_tả hạn sử_dụng tới tận 2024,5.0
cực_kì hài_lòng,5.0
hàng ok fhkbvdxfg gì vcg,5.0
khăn tốt,5.0
hàng chất_lượng,5.0
hàng ok giá rẻ hơn mua ngoài,5.0
hàng giao nhanh chất_lượng,5.0
cực_kì hài_lòng,5.0
rẻ và chất_lượng,5.0
đóng_gói ổn sản_phẩm ổn mua được giá sale rẻ hơn thị_trường,5.0
rẻ tiết_kiệm,5.0
sản_phẩm ổn để sử_dụng ) tôi nhận hơi trễ sơ với tiêu_chí của tikinow đăng lên,4.0
giá tốt giao hàng nhanh,5.0
giao hàng nhanh,5.0
không có mùi hắc dùng ok,5.0
sh s hs hsvha gs h,5.0
giao nhanh giá hợp_lý,5.0
sản_phẩm tốt hơn 1 tháng rưỡi mới nhận được hàng giao lâu đến mọc râu luôn,5.0
giao hàng nhanh đóng_gói hơi lõng lẽo nhưng quan_trọng hơn vẫn là chất_lượng sản_phẩm,5.0
tin_tưởng tikitrading,5.0
chất_lượng tốt đáng mua,5.0
cực_kì hài_lòng,5.0
quá ok,5.0
,5.0
cực_kì hài_lòng,5.0
cực_kì hài_lòng,5.0
positive ️,5.0
cực_kì hài_lòng,5.0
hàng ok k gì,5.0
giao hàng nhanh,5.0
sản_phẩm đúng yêu_cầu,5.0
cực_kì hài_lòng,5.0
sản_phẩm tốt lắm nè,5.0
cực_kì hài_lòng,5.0
cực_kì hài_lòng,5.0
ok,5.0
giao đủ hàng chất_lượng tốt,5.0
cực_kì hài_lòng,5.0
cực_kì hài_lòng,5.0
tuyệt_vời đáng 5star,5.0
cực_kì hài_lòng,5.0
sản_phẩm tốt,5.0
giao hàng nhanh,5.0
cực_kì hài_lòng,5.0
ok,5.0
sản_phẩm mua nhiều lần đóng_gói cẩn_thận mua rẻ hơn chỗ khác nhiều lắm,5.0
cực_kì hài_lòng,5.0
an_toàn cho bé giao hàng nhanh,5.0
nhanh sản_phẩm dùng khá ok mềm,5.0
cực_kì hài_lòng,5.0
cực_kì hài_lòng,5.0
cực_kì hài_lòng,5.0
hàng bọc gói cẩn_thận chưa sử_dụng nên chưa biết chất_lượng sản_phẩm thế_nào,5.0
cực_kì hài_lòng,5.0
san pham tot,5.0
cực_kì hài_lòng,5.0
sản_phẩm ok giao hàng cực nhanh đóng_gói chắc_chắn sẽ ủng_hộ cửa_hàng,5.0
tốt,5.0
cực_kì hài_lòng,5.0
đong goi chắc_chắn hạn sử_dụng xa giao rất nhanh,5.0
cực_kì hài_lòng,5.0
cực_kì hài_lòng,5.0
cực_kì hài_lòng,5.0
giao hàng nhanh sản_phẩm_chất_lượng đóng_gói chắc_chắn,5.0
cực_kì hài_lòng,5.0
tốt,5.0
tiki đóng_gói cẩn_thận và giao hàng nhanh_chóng sản_phẩm có chất_lượng tốt,5.0
cực_kì hài_lòng,5.0
mua được sale nên giá rẻ giấy dùng vẫn rất ưng_ý,5.0
cực_kì hài_lòng,5.0
trên cả tuyêt vơi re chât lương giao hang_nhanh,5.0
săn được sale giá rẻ khăn ướt không mùi dùng thích tiện_lợi sạch_sẽ,5.0
ababababsbsbsbsbsbsbdb,5.0
cực_kì hài_lòng,5.0
cực_kì hài_lòng,5.0
cực_kì hài_lòng,5.0
sản_phẩm tốt tiki giao hàng nhanh và đóng_gói cẩn_thận,5.0
giao hàng nhanh_chóng,5.0
cực_kì hài_lòng,5.0
hàng dùng tốt,5.0
đóng_gói cẩn_thận,5.0
cực_kì hài_lòng,5.0
t,5.0
cực_kì hài_lòng,5.0
nên mua,5.0
sản_phẩm tốt giao hàng nhanh,5.0
cực_kì hài_lòng,5.0
cực_kì hài_lòng,5.0
hàng tốt giao hàng hàng nhanh đóng_gói cẩn_thận,5.0
mềm rất ok,5.0
giá rẻ giao nhan,5.0
cực_kì hài_lòng,5.0
cực_kì hài_lòng,5.0
ok,5.0
cực_kì hài_lòng,5.0
cực_kì hài_lòng,5.0
cực_kì hài_lòng,5.0
hài_lòng,5.0
cực_kì hài_lòng,5.0
tuyệt,5.0
hàng ok positive,5.0
sản_phẩm tốt không bị kích_ứng khi dùng cho em bé không có mùi đóng_gói tốt,5.0
cực_kì hài_lòng,5.0
10 điểm,5.0
cực_kì hài_lòng,5.0
cực_kì hài_lòng,5.0
cực_kì hài_lòng,5.0
tốt,5.0
giá tốt hơn siêu_thị,5.0
sản_phẩm như quả n cáo xài cho bé rất tốt,5.0
chuẩn,5.0
an_toàn giao rất nhanh,5.0
cùng 1 đơn hàng sao lại chia ra hai cục đơn mà quà tặng riêng không hiểu,1.0
cực_kì hài_lòng,5.0
cực_kì hài_lòng,5.0
sản_phẩm_giá rẻ hơi có mùi do mình không quen hàng đúng hãng,5.0
khan không mui phu hop voi_lan da nhay cam cua be,5.0
giao hàng nhanh,5.0
cực_kì hài_lòng,5.0
đóng_gói ok xài rất ưng_ý,5.0
cực_kì hài_lòng,5.0
hàng mal nên xài tôt,5.0
positive ️ positive ️ positive ️ positive ️ positive ️ positive ️ positive ️ positive ️ positive ️ positive ️ positive ️,5.0
rất hài_lòng với sản_phẩm,5.0
cực_kì hài_lòng,5.0
cực_kì hài_lòng,5.0
đẹp giá rẻ,5.0
tốt,5.0
cực_kì hài_lòng,5.0
cực_kì hài_lòng,5.0
cực_kì hài_lòng,5.0
sản_phẩm ok,5.0
quá rẻ và chất_lượng cảm_ơn cửa_hàng và tiki giao hành mùa dịch mà cũng nhanh nữa,5.0
ko mùi dai sử_dụng vệ_sinh cho bé thoải_mái an_toàn,5.0
cực_kì hài_lòng,5.0
cực_kì hài_lòng,5.0
cực_kì hài_lòng,5.0
cực_kì hài_lòng,5.0
đã sử_dụng và cảm_thấy rất tốt nên mua lại lần nữa,5.0
sản_phẩm rất ok so với giá bán tại cửa_hàng giảm 50 % toi rất hai_lòng,5.0
cực_kì hài_lòng,5.0
đóng_gói cẩn_thận đẹp,5.0
cực_kì hài_lòng,5.0
cực_kì hài_lòng,5.0
ok giá sale rẻ,5.0
giao hàng tận_tình,5.0
cực_kì hài_lòng,5.0
giao hàng đầy_đủ tốt,5.0
giao hàng nhanh chất_lượng tốt,5.0
cực_kì hài_lòng,5.0
cực_kì hài_lòng,5.0
cực_kì hài_lòng,5.0
cực_kì hài_lòng,5.0
cực_kì hài_lòng,5.0
giao đúng,5.0
cực_kì hài_lòng,5.0
sản_phẩm chuẩn tôi sử_dụng boby của tiki 6 năm nay rồi,5.0
tốt,5.0
cực_kì hài_lòng,5.0
giấy dai không mùi mình sẽ ủng_hộ tiếp,5.0
tiki giao hàng nhanh,5.0
cực_kì hài_lòng,5.0
cực_kì hài_lòng,5.0
cực_kì hài_lòng,5.0
cực_kì hài_lòng,5.0
cực_kì hài_lòng,5.0
giao hàng nhanh,5.0
ok,5.0
hàng đã được nhận sau mấy tháng chờ_đợi do covid giao hàng vui_vẻ nhiệt_tình,5.0
an_toàn không hương_liệu,5.0
cực_kì hài_lòng,5.0
cực_kì hài_lòng,5.0
cực_kì hài_lòng,5.0
gì ansb ks gì s gì s s s gì sksnsnks s gì s gì s gì sns sn gì s gì s gì s gì s s gì s gì snsns gì s s gì s gì s gì s,5.0
cực_kì hài_lòng,5.0
cực_kì hài_lòng,5.0
cực_kì hài_lòng,5.0
giao nhanh lắm ạ dùng ok,5.0
ok,5.0
cực_kì hài_lòng,5.0
tuyệt_vời nên mua,5.0
cực_kì hài_lòng,5.0
cực_kì hài_lòng,5.0
cực_kì hài_lòng,5.0
cực_kì hài_lòng,5.0
cực_kì hài_lòng,5.0
cực_kì hài_lòng,5.0
giá rẻ,5.0
cực_kì hài_lòng,5.0
cực_kì hài_lòng,5.0
giá tốt,5.0
cực_kì hài_lòng,5.0
cực_kì hài_lòng,5.0
cực_kì hài_lòng,5.0
cực_kì hài_lòng,5.0
cực_kì hài_lòng,5.0
cực_kì hài_lòng,5.0
cực_kì hài_lòng,5.0
cực_kì hài_lòng,5.0
hài_lòng với sản_phẩm đã nhận,5.0
cực_kì hài_lòng,5.0
cực_kì hài_lòng,5.0
cực_kì hài_lòng,5.0
tốt,5.0
cực_kì hài_lòng,5.0
đặt lần thứ 2 mới nhận được hàng nhưng thông_cảm vì tình_hình dịch_bệnh,5.0
cực_kì hài_lòng,5.0
giao nhanh không ngờ luôn ạ giấy ướt boby thì khỏi phải bàn rùi,5.0
cực_kì hài_lòng,5.0
cực_kì hài_lòng,5.0
tuyệt_vời,5.0
cực_kì hài_lòng,5.0
cực_kì hài_lòng,5.0
cực_kì hài_lòng,5.0
giao hàng nhanh chưa xài nên chưa biết sao positive,5.0
rẻ và chất_lượng như ngoài mà e bé xài tốn_kém quá k,5.0
giao hàng nhanh shiper nhiệt_tình giá_cả phải_chăng,5.0
rất tốt,5.0
cực_kì hài_lòng,5.0
giao đủ hàng đúng hàng,5.0
cực_kì hài_lòng,5.0
đã mua nhiều lần chỉ chờ sale là múc luôn,5.0
ok ạ,5.0
cực_kì hài_lòng,5.0
cực_kì hài_lòng,5.0
cực_kì hài_lòng,5.0
tuyệt_vời,5.0
cực_kì hài_lòng,5.0
giao nhanh đong goi cân thận,5.0
cực_kì hài_lòng,5.0
cực_kì hài_lòng,5.0
cực_kì hài_lòng,5.0
cực_kì hài_lòng,5.0
cực_kì hài_lòng,5.0
hàng ok,5.0
tốt,5.0
cực_kì hài_lòng,5.0
cực_kì hài_lòng,5.0
cực_kì hài_lòng,5.0
cực_kì hài_lòng,5.0
tốt,5.0
cực_kì hài_lòng,5.0
cực_kì hài_lòng,5.0
sản_phẩm ok giao hàng nhanh giá rẻ nên mua,5.0
cực_kì hài_lòng,5.0
hàng chuẩn giao nhanh nhà mình dùng nhiều nên cũng thường_xuyên đặ,5.0
sản_phẩm_chất_lượng giá sale 145k mua để dùng dần_dần,5.0
cực_kì hài_lòng,5.0
cực_kì hài_lòng,5.0
cực_kì hài_lòng,5.0
rất hài_lòng về sản_phẩm giao hàng nhanh chất_lượng,5.0
tiết_kiệm giống với mô_tả sản_phẩm,5.0
cực_kì hài_lòng,5.0
cực_kì hài_lòng,5.0
cực_kì hài_lòng,5.0
cực_kì hài_lòng,5.0
đã dùng hết mềm mịn dùng rất thích,5.0
giao hàng nhanh_chóng,5.0
cực_kì hài_lòng,5.0
cực_kì hài_lòng,5.0
cực_kì hài_lòng,5.0
rất hài_lòng ủng_hộ tiki,5.0
cực_kì hài_lòng,5.0
tốt,5.0
cực_kì hài_lòng,5.0
cực_kì hài_lòng,5.0
cực_kì hài_lòng,5.0
cực_kì hài_lòng,5.0
giá tốt sản_phẩm tốt giao hàng nhanh sẽ ủng_hộ cửa_hàng tiếp_tục,5.0
cực_kì hài_lòng,5.0
cực_kì hài_lòng,5.0
cực_kì hài_lòng,5.0
cực_kì hài_lòng,5.0
cực_kì hài_lòng,5.0
cực_kì hài_lòng,5.0
cực_kì hài_lòng,5.0
cực_kì hài_lòng,5.0
ok,5.0
cực_kì hài_lòng,5.0
cực_kì hài_lòng,5.0
giá rẻ 23k gói giấy dùng thích luôn,5.0
cực_kì hài_lòng,5.0
đóng_gói kĩ giao hàng nhanh,5.0
cực_kì hài_lòng,5.0
cực_kì hài_lòng,5.0
cực_kì hài_lòng,5.0
cực_kì hài_lòng,5.0
cực_kì hài_lòng,5.0
cực_kì hài_lòng,5.0
cực_kì hài_lòng,5.0
cực_kì hài_lòng,5.0
cực_kì hài_lòng,5.0
giao hàng nhanh chất_lượng sẽ ủng_hộ tiếp,5.0
cực_kì hài_lòng,5.0
giấy mềm không mùi mua lúc khuyến_mãi nên rất tiết_kiệm,5.0
cực_kì hài_lòng,5.0
dùng rất tốt giá rẻ sẽ đặt_hàng lại,5.0
cực_kì hài_lòng,5.0
cực_kì hài_lòng,5.0
cực_kì hài_lòng,5.0
hàng chuẩn,5.0
hàng rất tốt giao hàng đúng hẹn,5.0
cực_kì hài_lòng,5.0
cực_kì hài_lòng,5.0
giao hàng nhanh sản_phẩm tốt,5.0
cực_kì hài_lòng,5.0
cực_kì hài_lòng,5.0
săn sale nên rẻ hơn ngoài nhiều sẽ ủng_hộ tiki dài_dài,5.0
cực_kì hài_lòng,5.0
cực_kì hài_lòng,5.0
cực_kì hài_lòng,5.0
co quá tăng nữa se ưng ho lan sau,5.0
an_toàn cho bé,5.0
cực_kì hài_lòng,5.0
cực_kì hài_lòng,5.0
mua combo giá quá rẻ so với bán_lẻ ngoài hàng,5.0
sản_phẩm_chất_lượng đáng mua ạ,5.0
cực_kì hài_lòng,5.0
cực_kì hài_lòng,5.0
sản_phẩm tốt sẵn được giá sales quá hời,5.0
cực_kì hài_lòng,5.0
cực_kì hài_lòng,5.0
sản_phẩm tốt giao hàng nhanh,5.0
cực_kì hài_lòng,5.0
giao hàng nhanh đóng_gói đẹp và rất cẩn thậnpositivepositive,5.0
rất hài_lòng luôn ah giao hàng nhanh đóng_gói kỹ giá tốt,5.0
cực_kì hài_lòng,5.0
cực_kì hài_lòng,5.0
cực_kì hài_lòng,5.0
cực_kì hài_lòng,5.0
cực_kì hài_lòng,5.0
cực_kì hài_lòng,5.0
cực_kì hài_lòng,5.0
cực_kì hài_lòng,5.0
cực_kì hài_lòng,5.0
mua combo giá rẻ sản_phẩm không mùi dễ sử_dụng,5.0
cực_kì hài_lòng,5.0
cực_kì hài_lòng,5.0
cực_kì hài_lòng,5.0
hàng chính hãng đóng_gói cẩn_thận ủng_hộ cửa_hàng,5.0
cực_kì hài_lòng,5.0
cực_kì hài_lòng,5.0
cực_kì hài_lòng,5.0
cực_kì hài_lòng,5.0
cực_kì hài_lòng,5.0
hàng như mô_tả giao hàng nhanh shiper thân_thiện,5.0
cực_kì hài_lòng,5.0
cực_kì hài_lòng,5.0
cực_kì hài_lòng,5.0
tốt chất_lượng,5.0
giao hàng nhanh mình luôn dùng khăn ướt boby cho gia_đình,5.0
cực_kì hài_lòng,5.0
cực_kì hài_lòng,5.0
sản_phẩm_chất_lượng giá_cả tốt giao hàng nhanh ạ,5.0
sản_phẩm rất tốt dùng ok cho mọi loại da nhất_là da em bé,5.0
chất_lượng lắm luôn sẻ ủng_hộ tiếp ạ,5.0
cực_kì hài_lòng,5.0
cực_kì hài_lòng,5.0
cực_kì hài_lòng,5.0
rất tốt tin_dùng sản_phẩm,5.0
cực_kì hài_lòng,5.0
cực_kì hài_lòng,5.0
cực_kì hài_lòng,5.0
giao hang nhanh chất luong tốt gia tot,5.0
cực_kì hài_lòng,5.0
ok,5.0
cực_kì hài_lòng,5.0
cực_kì hài_lòng,5.0
khăn hạn lâu nhưng bên ngoài hình hơi bẩn và cũ,4.0
cực_kì hài_lòng,5.0
quá rẻ luôn mình tưởng bị nhầm giá,5.0
sản_phẩm tốt tiết_kiệm,5.0
cực_kì hài_lòng,5.0
đóng_gói cẩn thân giao hàng cực nhanh,5.0
cực_kì hài_lòng,5.0
cực_kì hài_lòng,5.0
hàng tốt,5.0
quá tốt giao hàng nhanh đóng_gói kĩ_càng,5.0
cực_kì hài_lòng,5.0
giao hàng siêu nhanh săn được sale giá rẻ nói_chung là quá tốt,5.0
khăn giá tốt giao hàng cực nhanh,5.0
cực_kì hài_lòng,5.0
cực_kì hài_lòng,5.0
cực_kì hài_lòng,5.0
cực_kì hài_lòng,5.0
cực_kì hài_lòng,5.0
cực_kì hài_lòng,5.0
cực_kì hài_lòng,5.0
cực_kì hài_lòng,5.0
cực_kì hài_lòng,5.0
cực_kì hài_lòng,5.0
cực_kì hài_lòng,5.0
cực_kì hài_lòng,5.0
cực_kì hài_lòng,5.0
cực_kì hài_lòng,5.0
chất_lượng tuyệt_vời,5.0
cực_kì hài_lòng,5.0
giá rất hợp_lý khăn xài ok sẽ tiếp_tục ủng_hộ,5.0
cực_kì hài_lòng,5.0
giao hàng nhanh hàng đúng chất_lượng,5.0
cực_kì hài_lòng,5.0
sản_phẩm đúng như mô_tả giao hàng nhanh,5.0
giao hàng đúng và đủ số_lượng,5.0
cực_kì hài_lòng,5.0
ngon bổ rẻ,5.0
sản_phẩm mới đóng_gói cẩn_thận giao hàng cực nhanh,5.0
tốt,5.0
giao đúng hạn,5.0
cực_kì hài_lòng,5.0
cực_kì hài_lòng,5.0
cực_kì hài_lòng,5.0
cực_kì hài_lòng,5.0
ok,5.0
cực_kì hài_lòng,5.0
cực_kì hài_lòng,5.0
giao hàng đủ,5.0
cực_kì hài_lòng,5.0
sản_phẩm tốt giao hàng nhanh đóng_gói cẩn_thận,5.0
săn sale được giá tốt sản_phẩm y hình cảm_ơn cửa_hàng,5.0
cực_kì hài_lòng,5.0
mua 2 combo thế_mà khi nhận hàng thì bị rách bao_bì bên ngoài ktra lại thì thiếu mất 1 bịch do lo xịt khuẩn nên trả tiền vội cho shiper đến khi ktra báo lại thì shiper nói đã xác_nhận đơn thành_công rồi nên không trả lại được phải liên_hệ tiki giải_quyết thấy phiền quá nên nhận cho_xong thất_vọng ghê,1.0
cực_kì hài_lòng,5.0
cực_kì hài_lòng,5.0
sản_phẩm tốt,5.0
cực_kì hài_lòng,5.0
chất_lượng chính hãng giá tốt giao hàng nhanh 5star,5.0
cực_kì hài_lòng,5.0
hạn sử_dụng xa đã mua nhiều lần va luon danh_giá 5star,5.0
giao hàng nhanh giá rẻ sẽ mua lại …,5.0
ngon bổ rẻ,5.0
ok,5.0
giá rẻ hơn ngoài thị_trường sản_phẩm chính hãng,5.0
giá rẻ hàng chất_lượng giao hàng nhanh,5.0
cực_kì hài_lòng,5.0
giao hàng nhanh chất_lượng tốt,5.0
cực_kì hài_lòng,5.0
cực_kì hài_lòng,5.0
cực_kì hài_lòng,5.0
hàng dùng tốt giá rẻ hơn so với mua_lẻ ở ngoài,5.0
cực_kì hài_lòng,5.0
giao hàng nhanh sản_phẩm_chất_lượng,5.0
cực_kì hài_lòng,5.0
giá sale tốt có hơn 20k 1 bịch quá toẹt positive,5.0
cực_kì hài_lòng,5.0
cực_kì hài_lòng,5.0
cực_kì hài_lòng,5.0
cực_kì hài_lòng,5.0
cực_kì hài_lòng,5.0
cực_kì hài_lòng,5.0
cực_kì hài_lòng,5.0
cực_kì hài_lòng,5.0
rất tốt,5.0
giao nhanh khăn giấy cực tốt ạ,5.0
giao hàng nhanh sản_phẩm tốt,5.0
cực_kì hài_lòng,5.0
giao hàng nhanh chất_lượng tốt rất hài_lòng,5.0
giao hàng nhanh và chất_lượng,5.0
cực_kì hài_lòng,5.0
mua lúc được giảm sau chất_liệu tốt nên mua,5.0
hàng giao siêu nhanh giá rẻ mọi người nên mua,5.0
sản_phẩm đóng_gói đẹp giao hàng nhanh lẹ hạn sử_dụng xa_tít_tắp,5.0
nhân được hàng rất là ưng luôn cảm_ơn tiki,5.0
giao đúg hẹn đúng hàng,5.0
cực_kì hài_lòng,5.0
cực_kì hài_lòng,5.0
chất_lượng sản_phẩm tốt,5.0
cực_kì hài_lòng,5.0
giao hàng nhanh_chóng,5.0
cực_kì hài_lòng,5.0
oke nha mọi người nên mua,5.0
giao hàng nhanh sản_phẩm tốt quà tặng đẹp tốt,5.0
cực_kì hài_lòng,5.0
giao nhanh chưa xài có vẻ ok,5.0
khăn dai không mùi xài cho bé rất thích,5.0
cực_kì hài_lòng,5.0
cực_kì hài_lòng,5.0
an_toàn,5.0
đóng_gói kĩ giao hàng nhanh sản_phẩm ok,5.0
sản_phẩm ok,5.0
chất_lượng tốt,5.0
cực_kì hài_lòng,5.0
cực_kì hài_lòng,5.0
đóng_gói cần thận giao hành nhanh sẽ ủng_hộ tiếp,5.0
giá tốt giao hàng cực nhanh hạn sử_dụng xa,5.0
giao hàng nhanh sản_phẩm_chất_lượng,5.0
cực_kì hài_lòng,5.0
sản_phẩm ok,5.0
hàng đẹp chất_lượng tốt giao nhanh đúng mô_tả,5.0
sản_phẩm đúng mô_tả,5.0
sản_phẩm_chất_lượng giá rẻ và hạn sử_dụng còn xa,5.0
sản_phẩm đúng miêu_tả,5.0
cực_kì hài_lòng,5.0
cực_kì hài_lòng,5.0
cực_kì hài_lòng,5.0
vì không mùi và tiện_dụng,5.0
hang chất_lượng đate xa nua,5.0
cực_kì hài_lòng,5.0
cực_kì hài_lòng,5.0
sản phâm tốt giao hành lẹ đóng_gói cẩn_thận giá cũng tốt,5.0
sản_phẩm_chất_lượng,5.0
cực_kì hài_lòng,5.0
chất_lượng tốt mua combo lại được giá rẻ nữa,5.0
hàng chính hàng giá rẻ,5.0
sài_ok,5.0
hàng ok nhưng điều giao hàng hơi chậm,4.0
cực_kì hài_lòng,5.0
cực_kì hài_lòng,5.0
cực_kì hài_lòng,5.0
cực_kì hài_lòng,5.0
lần sau mua tiếp,5.0
hàng tốt đóng_gói cẩn_thận,5.0
hàng chính hãng nhưng giao trể hẹn giao lâu,5.0
cực_kì hài_lòng,5.0
dùng thích,5.0
hàng tốt mà shiper hơi ngáo,5.0
giao hàng nhanh chất_lượng tốt,5.0
cực_kì hài_lòng,5.0
sản_phẩm tốt chất_lượng giao hàng quá nhanh luôn 5star ️,5.0
xài ok giá ổn,5.0
an_toàn tiện_lợi giá_cả hợp_lý,5.0
ok rẻ hàng chính hãng,5.0
cực_kì hài_lòng,5.0
tốt,5.0
cực_kì hài_lòng,5.0
sản_phẩm tốt,5.0
tốt,5.0
đóng_gói cẩn_thận giao hàng nhanh,5.0
dung ok lam,5.0
cực_kì hài_lòng,5.0
tốt,5.0
đang khuyến_mãi được giảm_giá,5.0
chưa dùng nên chưa đánh_giá được chất_lượng,5.0
hàng còn mới và đóng_gói tốt,5.0
giao hàng cực nhanh gói hàng cẩn_thận,5.0
cực_kì hài_lòng,5.0
cực_kì hài_lòng,5.0
hạn sử_dụng xa nên mua thêm,5.0
chất_lượng tốt,5.0
hàng rất ok giá_cả hợp_lý,5.0
nhà bán là tiki trading nên rất yên_tâm,5.0
ok,5.0
cực_kì hài_lòng,5.0
cực_kì hài_lòng,5.0
cực_kì hài_lòng,5.0
giao nhanh hạn sử_dụng xa cảm_ơn cửa_hàng,5.0
giao nhanh đóng_gói sơ_sài,5.0
ok,5.0
cực_kì hài_lòng,5.0
muốn mua thê vì chất_lượng,1.0
chất_lượng tuyệt_vời,5.0
cực_kì hài_lòng,5.0
cực_kì hài_lòng,5.0
cực_kì hài_lòng,5.0
giao hàng nha,5.0
cực_kì hài_lòng,5.0
cực_kì hài_lòng,5.0
hàng đúng chất_lượng,5.0
ok,5.0
cực_kì hài_lòng,5.0
cực_kì hài_lòng,5.0
cực_kì hài_lòng,5.0
tốt,5.0
giao lâu nhưng hàng i mẫu ok,5.0
giá_thành rẻ đáng mua,5.0
cực_kì hài_lòng,5.0
cực_kì hài_lòng,5.0
đóng_gói cẩn_thận giao hàng nhanh,5.0
do dịch nên giao khá lâu xài rất ok,5.0
hang_chất luong giao hang_nhanh,5.0
cực_kì hài_lòng,5.0
giá rẻ hơn thị_trường dùng tốt,5.0
sản_phẩm tốt giao hàng nhanh,5.0
cực_kì hài_lòng,5.0
uy_tín dùng thích mà rẻ lần sau lại mua,5.0
cực_kì hài_lòng,5.0
hàng đẹp,5.0
dịch nên giao hàng lâu nhưng ok mọi người nhé,5.0
sản_phẩm tốt giấy mềm không mùi giao hàng nhanh,5.0
cực_kì hài_lòng,5.0
cực_kì hài_lòng,5.0
cực_kì hài_lòng,5.0
dùng thích lắm ah,5.0
mua khuyến_mại được giá tốt,5.0
cực_kì hài_lòng,5.0
sản_phẩm_chất_lượng tốt giá rẻ,5.0
sản_phẩm_chất_lượng,5.0
cực_kì hài_lòng,5.0
mua combo v quá rẻ so với mua ở ngoài,5.0
giao đủ đóng_gói cẩn_thận hài_lòng,5.0
cực_kì hài_lòng,5.0
sản_phẩm tốt,5.0
tốt,5.0
xài chất_lượng,5.0
sản_phẩm này xài được ok,5.0
lâu_lâu mới săn được giá tốt,5.0
giá quá tốt ai không mua tiếc gáng chịu,5.0
gia hàng cực nhanh,5.0
combo siêu lợi và vận_chuyển nhanh thật ),5.0
cực_kì hài_lòng,5.0
hai long,5.0
giao hàng nhanh ok,5.0
rất tốt,5.0
rất hài long ủng_hộ tiếp cho cửa_hàng,5.0
cực_kì hài_lòng,5.0
chuẩn giao nhanh cảm_ơn tiki,5.0
cực_kì hài_lòng,5.0
cực_kì hài_lòng,5.0
hài_lòng,5.0
hàng giao nhanh giá tốt chưa từng có,5.0
cực_kì hài_lòng,5.0
cực_kì hài_lòng,5.0
tốt giá rẻ,5.0
sản_phẩm xài tốt giá rẻ,5.0
hàng chính hãng giá sale quá rẻ,5.0
cực_kì hài_lòng,5.0
hàng giao rất nhanh,5.0
cực_kì hài_lòng,5.0
cực_kì hài_lòng,5.0
cực_kì hài_lòng,5.0
tuyệt,5.0
hàng đúng mô_tả giao nhanh cảm_ơn tiki,5.0
sản_phẩm_chất_lượng,5.0
rất tốt,5.0
cực_kì hài_lòng,5.0
giấy ok mua combo tiết_kiệm,5.0
sản_phẩm tốt,5.0
cực_kì hài_lòng,5.0
sản_phẩm rất tôt hạn sử_dụng mơi đóng thung rất đep,5.0
cực_kì hài_lòng,5.0
cực_kì hài_lòng,5.0
rẻ hơn bên ngoài nhiều,5.0
giao hàng nhanh chất_lượng,5.0
sản_phẩm tốt,5.0
cực_kì hài_lòng,5.0
cực_kì hài_lòng,5.0
cực_kì hài_lòng,5.0
cực_kì hài_lòng,5.0
cực_kì hài_lòng,5.0
giao hàng dịch chậm quá gần 1 tháng,5.0
hàng chinhd hãng,5.0
cực_kì hài_lòng,5.0
bg,5.0
hàng rất ok sẽ ủng_hộ tiếp,5.0
cực_kì hài_lòng,5.0
hàng xài tốt,5.0
giao hàng nhanh,5.0
tốt,5.0
cực_kì hài_lòng,5.0
giá tốt hơn siêu_thị,5.0
ok,5.0
sản_phẩm_chất_lượng giao hàng đúng hẹn,5.0
cực_kì hài_lòng,5.0
giao hàng nhanh,5.0
khăn ướt không mùi mềm,5.0
cực_kì hài_lòng,5.0
tốt,5.0
cực_kì hài_lòng,5.0
tiết_kiệm,5.0
tốt rẻ xịn,5.0
đã nhận hàng ok,5.0
cực_kì hài_lòng,5.0
đóng_gói sản_phẩm kỹ hàng y hình,5.0
cực_kì hài_lòng,5.0
cực_kì hài_lòng,5.0
cực_kì hài_lòng,5.0
đóng_gói cẩn_thận,5.0
đúng số mô_tả,5.0
cực_kì hài_lòng,5.0
ok,5.0
cực_kì hài_lòng,5.0
giao hàng nhanh,5.0
giao nhanh,5.0
săn sale rẻ,5.0
cực_kì hài_lòng,5.0
tốt,5.0
cực_kì hài_lòng,5.0
giao hành nhanh sản_phẩm đúng miêu_tả,5.0
sản_phẩm tot,5.0
giao hàng nhanh giá rẻ,5.0
cực_kì hài_lòng,5.0
dung san pham mo ta,5.0
giao hàng nhanh đóng_gói cẩn thân ok,5.0
cực_kì hài_lòng,5.0
giao hàng nhanh chất_lượng tốt,5.0
cực_kì hài_lòng,5.0
hàng sử dùng tốt,5.0
cực_kì hài_lòng,5.0
tuyệt_vời luôn nha,5.0
sản_phẩm tốt,5.0
cực_kì hài_lòng,5.0
giao hàng nhanh khăn ướt chuẩn hàng,5.0
cực_kì hài_lòng,5.0
nên mua,5.0
cực_kì hài_lòng,5.0
ok,5.0
giá tốt,5.0
giao hàng nhanh giá sale ạ,5.0
cực_kì hài_lòng,5.0
đúng mẫu đủ sl,5.0
cực_kì hài_lòng,5.0
cực_kì hài_lòng,5.0
cực_kì hài_lòng,5.0
cực_kì hài_lòng,5.0
sản_phẩm tốt đóng_gói đep,5.0
giá tốt so với mua ở ngoài,5.0
tuyệt_vời,5.0
giá rẻ chất_lượng cao,5.0
cực_kì hài_lòng,5.0
giao hàng nhanh,5.0
sản_phẩm tốt,5.0
thích,5.0
cực_kì hài_lòng,5.0
cực_kì hài_lòng,5.0
cực_kì hài_lòng,5.0
sản_phẩm ổn,5.0
cực_kì hài_lòng,5.0
cực_kì hài_lòng,5.0
cực_kì hài_lòng,5.0
cực_kì hài_lòng,5.0
cực_kì hài_lòng,5.0
cực_kì hài_lòng,5.0
đóng_gói cẩn_thận,5.0
rẻ dùng tốt,5.0
sản_phẩm dùng tốt,5.0
đóng_gói kỹ,5.0
cực_kì hài_lòng,5.0
tot nen mua,5.0
cực_kì hài_lòng,5.0
cực_kì hài_lòng,5.0
cực_kì hài_lòng,5.0
cực_kì hài_lòng,5.0
cực_kì hài_lòng,5.0
giao hang_nhanh,5.0
cực_kì hài_lòng,5.0
cực_kì hài_lòng,5.0
cực_kì hài_lòng,5.0
sản_phẩm tốt giá hợp_lý,5.0
cực_kỳ hài_lòng,5.0
giá tốt xài rất ok,5.0
cực_kì hài_lòng,5.0
cực_kì hài_lòng,5.0
cực_kì hài_lòng,5.0
cực_kì hài_lòng,5.0
cực_kì hài_lòng,5.0
cực_kì hài_lòng,5.0
cực_kì hài_lòng,5.0
sản_phẩm giao hàng nhanh đóng_gói sơ xài,5.0
cực_kì hài_lòng,5.0
cực_kì hài_lòng,5.0
cực_kì hài_lòng,5.0
cực_kì hài_lòng,5.0
cực_kì hài_lòng,5.0
cực_kì hài_lòng,5.0
giao nhanh gía phải_chăng sẽ ủng_hộ tiếp,5.0
rất tốt,5.0
giá rẻ là thích,5.0
sản_phẩm dùng rất thích,5.0
cực_kì hài_lòng,5.0
tiki không làm mình thất_vọng,1.0
sản_phẩm_chất_lượng,5.0
cực_kì hài_lòng,5.0
giá tốt,5.0
cực_kì hài_lòng,5.0
hàng chuẩn giao nhanh,5.0
đóng hàng kĩ giao hàng nhanh,5.0
cực_kì hài_lòng,5.0
cực_kì hài_lòng,5.0
cực_kì hài_lòng,5.0
cực_kì hài_lòng,5.0
tốt,5.0
cực_kì hài_lòng,5.0
cực_kì hài_lòng,5.0
sản_phẩm chính hãng,5.0
cực_kì hài_lòng,5.0
cực_kì hài_lòng,5.0
cực_kì hài_lòng,5.0
cực_kì hài_lòng,5.0
hàng tốt giá rẻ,5.0
cực_kì hài_lòng,5.0
cực_kì hài_lòng,5.0
cực_kì hài_lòng,5.0
star ️ star ️ star ️ star ️ star ️,5.0
cực_kì hài_lòng,5.0
sản_phẩm tốt,5.0
cực_kì hài_lòng,5.0
cực_kì hài_lòng,5.0
chất_lượng tuyệt lại còn rẻ,5.0
rất thich,5.0
rẻ,5.0
cực_kì hài_lòng,5.0
hàng ok,5.0
cực_kì hài_lòng,5.0
tốt tiện_lợi,5.0
tốt rẻ,5.0
hàng rất ok đáng mua nha mọi người,5.0
cực_kì hài_lòng,5.0
chất_lượng tốt,5.0
khăn tốt giá mềm,5.0
cực_kì hài_lòng,5.0
chất_lượng tốt,5.0
gia re nen mua,5.0
rất hài_lòng,5.0
cực_kì hài_lòng,5.0
cực_kì hài_lòng,5.0
nên mình gì a_an,5.0
cực_kì hài_lòng,5.0
cực_kì hài_lòng,5.0
tot,5.0
cực_kì hài_lòng,5.0
positive,5.0
tốt rẻ,5.0
cực_kì hài_lòng,5.0
cực_kì hài_lòng,5.0
cực_kì hài_lòng,5.0
rẻ tiện_lợi hàng chuẩn,5.0
cực_kì hài_lòng,5.0
hang dung ok,5.0
cực_kì hài_lòng,5.0
cực_kì hài_lòng,5.0
cực_kì hài_lòng,5.0
positive hs,5.0
cực_kì hài_lòng,5.0
cực_kì hài_lòng,5.0
cực_kì hài_lòng,5.0
cực_kì hài_lòng,5.0
cực_kì hài_lòng,5.0
sản_phẩm_chất_lượng,5.0
cực_kì hài_lòng,5.0
hàng chất_lượng,5.0
cực_kì hài_lòng,5.0
ok,5.0
ok,5.0
cực_kì hài_lòng,5.0
cực_kì hài_lòng,5.0
tôi rất hài_lòng,5.0
cực_kì hài_lòng,5.0
cực_kì hài_lòng,5.0
cực_kì hài_lòng,5.0
cực_kì hài_lòng,5.0
cực_kì hài_lòng,5.0
giá tốt,5.0
giao hàng nhanh,5.0
cực_kì hài_lòng,5.0
a,5.0
cực_kì hài_lòng,5.0
cực_kì hài_lòng,5.0
cực_kì hài_lòng,5.0
cực_kì hài_lòng,5.0
cho cửa_hàng 5star,5.0
cực_kì hài_lòng,5.0
cực_kì hài_lòng,5.0
sản_phẩm rất ok,5.0
cực_kì hài_lòng,5.0
tốt,5.0
ok,5.0
sản_phẩm đúng như mô_tả,5.0
cực_kì hài_lòng,5.0
tuyệt voi,5.0
cực_kì hài_lòng,5.0
bogic h gì c gì gififuc gì c gì f gì fufufig gì vkvovkvkvkbkoh,5.0
tốt,5.0
giao hàng nhanh giao hàng trong 1 ngày,5.0
sản_phẩm_chất luong,5.0
cực_kì hài_lòng,5.0
tốt gói kĩ,5.0
cực_kì hài_lòng,5.0
tốt,5.0
ok giao hàng nhanh,5.0
cực_kì hài_lòng,5.0
cực_kì hài_lòng,5.0
cực_kì hài_lòng,5.0
cực_kì hài_lòng,5.0
cực_kì hài_lòng,5.0
cực_kì hài_lòng,5.0
cực_kì hài_lòng,5.0
cực_kì hài_lòng,5.0
cực_kì hài_lòng,5.0
rất thích,5.0
cực_kì hài_lòng,5.0
sản_phẩm tốt ok,5.0
cực_kì hài_lòng,5.0
sản_phẩm tốt giá rẻ,5.0
cực_kì hài_lòng,5.0
cực_kì hài_lòng,5.0
cực_kì hài_lòng,5.0
cực_kì hài_lòng,5.0
,5.0
cực_kì hài_lòng,5.0
cực_kì hài_lòng,5.0
cực_kì hài_lòng,5.0
cực_kì hài_lòng,5.0
cực_kì hài_lòng,5.0
cực_kì hài_lòng,5.0
cực_kì hài_lòng,5.0
cực_kì hài_lòng,5.0
cực_kì hài_lòng,5.0
ok,5.0
giao siêu nhanh giá quá tốt,5.0
cực_kì hài_lòng,5.0
cực_kì hài_lòng,5.0
cực_kì hài_lòng,5.0
sản_phẩm_chất_lượng giao hàng nhanh,5.0
giao hàng siêu nhanh sản_phẩm như hình,5.0
sản_phẩm tuyệt_vời,5.0
cực_kì hài_lòng,5.0
sản_phẩm tốt giao hàng nhanh,5.0
cực_kì hài_lòng,5.0
cực_kì hài_lòng,5.0
ổn,5.0
cực_kì hài_lòng,5.0
cực_kì hài_lòng,5.0
chất_lượng tốt,5.0
cực_kì hài_lòng,5.0
cực_kì hài_lòng,5.0
cực_kì hài_lòng,5.0
cực_kì hài_lòng,5.0
giá phù_hợp,5.0
cực_kì hài_lòng,5.0
cực_kì hài_lòng,5.0
ok quá,5.0
cực_kì hài_lòng,5.0
ok,5.0
cực_kì hài_lòng,5.0
cực_kì hài_lòng,5.0
cực_kì hài_lòng,5.0
cực_kì hài_lòng,5.0
cực_kì hài_lòng,5.0
cực_kì hài_lòng,5.0
cực_kì hài_lòng,5.0
cực_kì hài_lòng,5.0
cực_kì hài_lòng,5.0
cực_kì hài_lòng,5.0
cực_kì hài_lòng,5.0
cực_kì hài_lòng,5.0
cực_kì hài_lòng,5.0
cực_kì hài_lòng,5.0
sản_phẩm tốt,5.0
cực_kì hài_lòng,5.0
cực_kì hài_lòng,5.0
cực_kì hài_lòng,5.0
cực_kì hài_lòng,5.0
cực_kì hài_lòng,5.0
cực_kì hài_lòng,5.0
cực_kì hài_lòng,5.0
cực_kì hài_lòng,5.0
tốt,5.0
giao nhanh rẻ,5.0
cực_kì hài_lòng,5.0
cực_kì hài_lòng,5.0
cực_kì hài_lòng,5.0
cực_kì hài_lòng,5.0
cực_kì hài_lòng,5.0
cực_kì hài_lòng,5.0
giao hàng nhanh trong mùa dịch,5.0
cực_kì hài_lòng,5.0
cực_kì hài_lòng,5.0
ok,5.0
ok,5.0
cực_kì hài_lòng,5.0
hàng đóng_gói cẩn_thận,5.0
cực_kì hài_lòng,5.0
cực_kì hài_lòng,5.0
cực_kì hài_lòng,5.0
cực_kì hài_lòng,5.0
cực_kì hài_lòng,5.0
sbcis,5.0
cực_kì hài_lòng,5.0
cực_kì hài_lòng,5.0
cực_kì hài_lòng,5.0
cực_kì hài_lòng,5.0
rẻ,5.0
cực_kì hài_lòng,5.0
cực_kì hài_lòng,5.0
cực_kì hài_lòng,5.0
cực_kì hài_lòng,5.0
sản_phẩm đóng_gói chắc_chắn,5.0
cực_kì hài_lòng,5.0
khăn xài tốt,5.0
cực_kì hài_lòng,5.0
sẽ ủng_hộ tiếp,5.0
cực_kì hài_lòng,5.0
cực_kì hài_lòng,5.0
cực_kì hài_lòng,5.0
cực_kì hài_lòng,5.0
cực_kì hài_lòng,5.0
đã mua 2 lần ok,5.0
cực_kì hài_lòng,5.0
ok,5.0
khá là ok,5.0
cực_kì hài_lòng,5.0
cực_kì hài_lòng,5.0
đóng_gói cẩn_thận,5.0
sản_phẩm ok,5.0
giá tốt,5.0
cực_kì hài_lòng,5.0
cực_kì hài_lòng,5.0
qua thisch,1.0
giao nhanh,5.0
thích là thích,5.0
cực_kì hài_lòng,5.0
giao hàng nhanh,5.0
cực_kì hài_lòng,5.0
ổn,5.0
cực_kì hài_lòng,5.0
cực_kì hài_lòng,5.0
cực_kì hài_lòng,5.0
cực_kì hài_lòng,5.0
cực_kì hài_lòng,5.0
cực_kì hài_lòng,5.0
cực_kì hài_lòng,5.0
cực_kì hài_lòng,5.0
cực_kì hài_lòng,5.0
cực_kì hài_lòng,5.0
giao hàng nhanh,5.0
cực_kì hài_lòng,5.0
cực_kì hài_lòng,5.0
sản_phẩm tốt,5.0
cực_kì hài_lòng,5.0
cực_kì hài_lòng,5.0
cực_kì hài_lòng,5.0
cực_kì hài_lòng,5.0
cực_kì hài_lòng,5.0
cực_kì hài_lòng,5.0
cực_kì hài_lòng,5.0
tốt,5.0
cực_kì hài_lòng,5.0
cực_kì hài_lòng,5.0
giá rẻ so với mua siêu_thị giao nhanh,5.0
cực_kì hài_lòng,5.0
cực_kì hài_lòng,5.0
cực_kì hài_lòng,5.0
cực_kì hài_lòng,5.0
cực_kì hài_lòng,5.0
cực_kì hài_lòng,5.0
cực_kì hài_lòng,5.0
cực_kì hài_lòng,5.0
cực_kì hài_lòng,5.0
cực_kì hài_lòng,5.0
cực_kì hài_lòng,5.0
tốt,5.0
cực_kì hài_lòng,5.0
very tốt,5.0
cực_kì hài_lòng,5.0
cực_kì hài_lòng,5.0
cực_kì hài_lòng,5.0
cực_kì hài_lòng,5.0
cực_kì hài_lòng,5.0
rất thích,5.0
tốt,5.0
cực_kì hài_lòng,5.0
rất ok,5.0
tốt,5.0
cực_kì hài_lòng,5.0
cực_kì hài_lòng,5.0
cực_kì hài_lòng,5.0
cực_kì hài_lòng,5.0
cực_kì hài_lòng,5.0
hàng tốt,5.0
rất hài_lòng,5.0
tốt,5.0
giao hàng nhanh,5.0
hài_lòng chính hãng,5.0
cực_kì hài_lòng,5.0
ok,5.0
cực_kì hài_lòng,5.0
sản_phẩm tốt giá rẻ,5.0
cực_kì hài_lòng,5.0
đóng_gói đẹp,5.0
cực_kì hài_lòng,5.0
tốt,5.0
sản_phẩm đung nhu mô_tả,5.0
cực_kì hài_lòng,5.0
cực_kì hài_lòng,5.0
toy,5.0
giao hàng nhanh,5.0
cực_kì hài_lòng,5.0
cực_kì hài_lòng,5.0
cực_kì hài_lòng,5.0
cực_kì hài_lòng,5.0
cực_kì hài_lòng,5.0
cực_kì hài_lòng,5.0
cực_kì hài_lòng,5.0
hàng ok,5.0
sản_phẩm tốt,5.0
cực_kì hài_lòng,5.0
tốt,5.0
cực_kì hài_lòng,5.0
giao hàng siêu nhanh sản_phẩm ok,5.0
ok,5.0
cực_kì hài_lòng,5.0
ok,5.0
cực_kì hài_lòng,5.0
cực_kì hài_lòng,5.0
cực_kì hài_lòng,5.0
cực_kì hài_lòng,5.0
cực_kì hài_lòng,5.0
cực_kì hài_lòng,5.0
giá tốt,5.0
cực_kì hài_lòng,5.0
cực_kì hài_lòng,5.0
quá ok,5.0
cực_kì hài_lòng,5.0
cực_kì hài_lòng,5.0
cực_kì hài_lòng,5.0
cực_kì hài_lòng,5.0
cực_kì hài_lòng,5.0
giao hàng nhanh,5.0
cực_kì hài_lòng,5.0
cực_kì hài_lòng,5.0
cũng ok,5.0
cực_kì hài_lòng,5.0
cực_kì hài_lòng,5.0
cực_kì hài_lòng,5.0
sale 159k rẻ,5.0
cực_kì hài_lòng,5.0
cực_kì hài_lòng,5.0
cực_kì hài_lòng,5.0
cực_kì hài_lòng,5.0
cực_kì hài_lòng,5.0
sản_phẩm tốt,5.0
hài_lòng dùng tốt,5.0
cực_kì hài_lòng,5.0
cực_kì hài_lòng,5.0
cực_kì hài_lòng,5.0
cực_kì hài_lòng,5.0
cực_kì hài_lòng,5.0
giao hàng nhanh,5.0
cực_kì hài_lòng,5.0
cực_kì hài_lòng,5.0
cực_kì hài_lòng,5.0
cực_kì hài_lòng,5.0
cực_kì hài_lòng,5.0
cực_kì hài_lòng,5.0
được,5.0
cực_kì hài_lòng,5.0
cực_kì hài_lòng,5.0
cực_kì hài_lòng,5.0
cực_kì hài_lòng,5.0
cực_kì hài_lòng,5.0
cực_kì hài_lòng,5.0
cực_kì hài_lòng,5.0
cực_kì hài_lòng,5.0
cực_kì hài_lòng,5.0
,5.0
ổn,5.0
cực_kì hài_lòng,5.0
cực_kì hài_lòng,5.0
cực_kì hài_lòng,5.0
cực_kì hài_lòng,5.0
cực_kì hài_lòng,5.0
ok,5.0
giao nhanh cực,5.0
cực_kì hài_lòng,5.0
cực_kì hài_lòng,5.0
cực_kì hài_lòng,5.0
cực_kì hài_lòng,5.0
cực_kì hài_lòng,5.0
cực_kì hài_lòng,5.0
cực_kì hài_lòng,5.0
cực_kì hài_lòng,5.0
cực_kì hài_lòng,5.0
cực_kì hài_lòng,5.0
cực_kì hài_lòng,5.0
cực_kì hài_lòng,5.0
cực_kì hài_lòng,5.0
tốt,5.0
cực_kì hài_lòng,5.0
cực_kì hài_lòng,5.0
cực_kì hài_lòng,5.0
cực_kì hài_lòng,5.0
tốt,5.0
cực_kì hài_lòng,5.0
cực_kì hài_lòng,5.0
hài_lòng,5.0
cực_kì hài_lòng,5.0
cực_kì hài_lòng,5.0
tốt,5.0
cực_kì hài_lòng,5.0
cực_kì hài_lòng,5.0
cực_kì hài_lòng,5.0
giao nhanh,5.0
cực_kì hài_lòng,5.0
cực_kì hài_lòng,5.0
cực_kì hài_lòng,5.0
cực_kì hài_lòng,5.0
cực_kì hài_lòng,5.0
cực_kì hài_lòng,5.0
cực_kì hài_lòng,5.0
giao hàng nhanh,5.0
tốt,5.0
cực_kì hài_lòng,5.0
cực_kì hài_lòng,5.0
sản_phẩm tuyệt_vời,5.0
cực_kì hài_lòng,5.0
giá_cả hợp_lý giao hàng nhanh,5.0
cực_kì hài_lòng,5.0
cực_kì hài_lòng,5.0
cực_kì hài_lòng,5.0
tốt,5.0
cực_kì hài_lòng,5.0
tốt,5.0
cực_kì hài_lòng,5.0
ok,5.0
cực_kì hài_lòng,5.0
ok,5.0
giá tốt,5.0
tốt,5.0
cực_kì hài_lòng,5.0
cực_kì hài_lòng,5.0
cực_kì hài_lòng,5.0
sản_phẩm rất ok giá ưu_đãi,5.0
cực_kì hài_lòng,5.0
cực_kì hài_lòng,5.0
cực_kì hài_lòng,5.0
cực_kì hài_lòng,5.0
cực_kì hài_lòng,5.0
cực_kì hài_lòng,5.0
cực_kì hài_lòng,5.0
cực_kì hài_lòng,5.0
tốt,5.0
cực_kì hài_lòng,5.0
cực_kì hài_lòng,5.0
cực_kì hài_lòng,5.0
cực_kì hài_lòng,5.0
cực_kì hài_lòng,5.0
giá_cả hợp_lý ạ,5.0
ok,5.0
cực_kì hài_lòng,5.0
giao nhanh,5.0
cực_kì hài_lòng,5.0
positivepositivepositive,5.0
cực_kì hài_lòng,5.0
cực_kì hài_lòng,5.0
hài_lòng,5.0
tốt,5.0
ok nha,5.0
cực_kì hài_lòng,5.0
cực_kì hài_lòng,5.0
cực_kì hài_lòng,5.0
cực_kì hài_lòng,5.0
sản_phẩm tốt,5.0
san pham dung mo ta,5.0
tốt,5.0
ok,5.0
sản_phẩm tốt,5.0
sản_phẩm dùng oke,5.0
hài_lòng,5.0
tót,5.0
cực_kì hài_lòng,5.0
chất luong,5.0
sản_phẩm ok,5.0
chất luong san pham,5.0
rẻ,5.0
ok,5.0
cực_kì hài_lòng,5.0
positivepositivepositivepositive,5.0
cực_kì hài_lòng,5.0
n,5.0
dùng rất ok positive,5.0
cực_kì hài_lòng,5.0
ok,5.0
cực_kì hài_lòng,5.0
cực_kì hài_lòng,5.0
cực_kì hài_lòng,5.0
cực_kì hài_lòng,5.0
ok,5.0
cực_kì hài_lòng,5.0
cực_kì hài_lòng,5.0
cực_kì hài_lòng,5.0
cực_kì hài_lòng,5.0
cực_kì hài_lòng,5.0
cực_kì hài_lòng,5.0
ok,5.0
cực_kì hài_lòng,5.0
hàng tốt,5.0
cực_kì hài_lòng,5.0
cực_kì hài_lòng,5.0
ok,5.0
cực_kì hài_lòng,5.0
cực_kì hài_lòng,5.0
cực_kì hài_lòng,5.0
sản_phẩm mới dùng ok tính ra rẻ hơn khi mua o cửa_hàng,5.0
cực_kì hài_lòng,5.0
cực_kì hài_lòng,5.0
positive,5.0
cực_kì hài_lòng,5.0
cực_kì hài_lòng,5.0
hàng oke,5.0
cực_kì hài_lòng,5.0
cực_kì hài_lòng,5.0
cực_kì hài_lòng,5.0
giao hàng nhanh hàng rất tốt,5.0
cực_kì hài_lòng,5.0
cực_kì hài_lòng,5.0
ok,5.0
cực_kì hài_lòng,5.0
cực_kì hài_lòng,5.0
cực_kì hài_lòng,5.0
cực_kì hài_lòng,5.0
ok,5.0
cực_kì hài_lòng,5.0
cực_kì hài_lòng,5.0
cực_kì hài_lòng,5.0
đóng cthan sản_phẩm đẹp,5.0
cực_kì hài_lòng,5.0
tốt,5.0
cực_kì hài_lòng,5.0
cực_kì hài_lòng,5.0
tot,5.0
tốt,5.0
cực_kì hài_lòng,5.0
cực_kì hài_lòng,5.0
cực_kì hài_lòng,5.0
cực_kì hài_lòng,5.0
tôt,5.0
cực_kì hài_lòng,5.0
cực_kì hài_lòng,5.0
cực_kì hài_lòng,5.0
cực_kì hài_lòng,5.0
giao nhanh hàng chuẩn,5.0
cực_kì hài_lòng,5.0
cực_kì hài_lòng,5.0
cực_kì hài_lòng,5.0
cực_kì hài_lòng,5.0
tốt,5.0
cực_kì hài_lòng,5.0
cực_kì hài_lòng,5.0
cực_kì hài_lòng,5.0
cực_kì hài_lòng,5.0
cực_kì hài_lòng,5.0
ok,5.0
cực_kì hài_lòng,5.0
cực_kì hài_lòng,5.0
cực_kì hài_lòng,5.0
cực_kì hài_lòng,5.0
cực_kì hài_lòng,5.0
cực_kì hài_lòng,5.0
cực_kì hài_lòng,5.0
ok,5.0
ok,5.0
cực_kì hài_lòng,5.0
cực_kì hài_lòng,5.0
cực_kì hài_lòng,5.0
cực_kì hài_lòng,5.0
cực_kì hài_lòng,5.0
cực_kì hài_lòng,5.0
cực_kì hài_lòng,5.0
cực_kì hài_lòng,5.0
cực_kì hài_lòng,5.0
cực_kì hài_lòng,5.0
cực_kì hài_lòng,5.0
giá tốt shiper quen,5.0
cực_kì hài_lòng,5.0
cực_kì hài_lòng,5.0
sản_phẩm tốt,5.0
cực_kì hài_lòng,5.0
cực_kì hài_lòng,5.0
cực_kì hài_lòng,5.0
cực_kì hài_lòng,5.0
cực_kì hài_lòng,5.0
cực_kì hài_lòng,5.0
ok tos,5.0
cực_kì hài_lòng,5.0
cực_kì hài_lòng,5.0
cực_kì hài_lòng,5.0
cực_kì hài_lòng,5.0
cực_kì hài_lòng,5.0
cực_kì hài_lòng,5.0
cực_kì hài_lòng,5.0
cực_kì hài_lòng,5.0
cực_kì hài_lòng,5.0
cực_kì hài_lòng,5.0
cực_kì hài_lòng,5.0
tôtd,5.0
cực_kì hài_lòng,5.0
cực_kì hài_lòng,5.0
cực_kì hài_lòng,5.0
cực_kì hài_lòng,5.0
cực_kì hài_lòng,5.0
cực_kì hài_lòng,5.0
cực_kì hài_lòng,5.0
cực_kì hài_lòng,5.0
cực_kì hài_lòng,5.0
cực_kì hài_lòng,5.0
giao hàng nhanh,5.0
giao nhanh,5.0
cực_kì hài_lòng,5.0
cực_kì hài_lòng,5.0
cực_kì hài_lòng,5.0
cực_kì hài_lòng,5.0
cực_kì hài_lòng,5.0
hàng ok,5.0
cực_kì hài_lòng,5.0
tốt,5.0
cực_kì hài_lòng,5.0
cực_kì hài_lòng,5.0
cực_kì hài_lòng,5.0
cực_kì hài_lòng,5.0
toits,5.0
cực_kì hài_lòng,5.0
cực_kì hài_lòng,5.0
cực_kì hài_lòng,5.0
cực_kì hài_lòng,5.0
cực_kì hài_lòng,5.0
cực_kì hài_lòng,5.0
cực_kì hài_lòng,5.0
rẻ đáng mua,5.0
cực_kì hài_lòng,5.0
cực_kì hài_lòng,5.0
cực_kì hài_lòng,5.0
cực_kì hài_lòng,5.0
cực_kì hài_lòng,5.0
cực_kì hài_lòng,5.0
cực_kì hài_lòng,5.0
cực_kì hài_lòng,5.0
cực_kì hài_lòng,5.0
giá rẻ lắm ok,5.0
cực_kì hài_lòng,5.0
cực_kì hài_lòng,5.0
cực_kì hài_lòng,5.0
cực_kì hài_lòng,5.0
cực_kì hài_lòng,5.0
cực_kì hài_lòng,5.0
cực_kì hài_lòng,5.0
cực_kì hài_lòng,5.0
cực_kì hài_lòng,5.0
cực_kì hài_lòng,5.0
cực_kì hài_lòng,5.0
cực_kì hài_lòng,5.0
cực_kì hài_lòng,5.0
rẻ,5.0
tot,5.0
sản_phẩm tốt …,5.0
cực_kì hài_lòng,5.0
sản_phẩm tốt,5.0
cực_kì hài_lòng,5.0
cực_kì hài_lòng,5.0
cực_kì hài_lòng,5.0
cực_kì hài_lòng,5.0
cực_kì hài_lòng,5.0
cực_kì hài_lòng,5.0
cực_kì hài_lòng,5.0
cực_kì hài_lòng,5.0
cực_kì hài_lòng,5.0
cực_kì hài_lòng,5.0
cực_kì hài_lòng,5.0
cực_kì hài_lòng,5.0
cực_kì hài_lòng,5.0
cực_kì hài_lòng,5.0
cực_kì hài_lòng,5.0
giao hàng quá nhanh chất_lượng sản_phẩm tuyệt_vời,5.0
cực_kì hài_lòng,5.0
kn,5.0
cực_kì hài_lòng,5.0
tốt,5.0
cực_kì hài_lòng,5.0
tiện,5.0
cực_kì hài_lòng,5.0
tuyệt_vời,5.0
cực_kì hài_lòng,5.0
cực_kì hài_lòng,5.0
ok,5.0
rẻ,5.0
cực_kì hài_lòng,5.0
cực_kì hài_lòng,5.0
cực_kì hài_lòng,5.0
cực_kì hài_lòng,5.0
cực_kì hài_lòng,5.0
cực_kì hài_lòng,5.0
ok,5.0
cực_kì hài_lòng,5.0
cực_kì hài_lòng,5.0
sản_phẩm ok,5.0
cực_kì hài_lòng,5.0
cực_kì hài_lòng,5.0
cực_kì hài_lòng,5.0
cực_kì hài_lòng,5.0
cực_kì hài_lòng,5.0
cực_kì hài_lòng,5.0
cực_kì hài_lòng,5.0
cực_kì hài_lòng,5.0
cực_kì hài_lòng,5.0
cực_kì hài_lòng,5.0
giá tốt,5.0
cực_kì hài_lòng,5.0
hàng tốt,5.0
cực_kì hài_lòng,5.0
cực_kì hài_lòng,5.0
cực_kì hài_lòng,5.0
cực_kì hài_lòng,5.0
cực_kì hài_lòng,5.0
cực_kì hài_lòng,5.0
cực_kì hài_lòng,5.0
cực_kì hài_lòng,5.0
cực_kì hài_lòng,5.0
cực_kì hài_lòng,5.0
tốt,5.0
hang_ok,5.0
cực_kì hài_lòng,5.0
cực_kì hài_lòng,5.0
cực_kì hài_lòng,5.0
cực_kì hài_lòng,5.0
cực_kì hài_lòng,5.0
cực_kì hài_lòng,5.0
cực_kì hài_lòng,5.0
cực_kì hài_lòng,5.0
cực_kì hài_lòng,5.0
cực_kì hài_lòng,5.0
cực_kì hài_lòng,5.0
ok,5.0
cực_kì hài_lòng,5.0
cực_kì hài_lòng,5.0
cực_kì hài_lòng,5.0
cực_kì hài_lòng,5.0
cực_kì hài_lòng,5.0
cực_kì hài_lòng,5.0
cực_kì hài_lòng,5.0
rẻ tốt,5.0
cực_kì hài_lòng,5.0
cực_kì hài_lòng,5.0
cực_kì hài_lòng,5.0
cực_kì hài_lòng,5.0
cực_kì hài_lòng,5.0
cực_kì hài_lòng,5.0
cực_kì hài_lòng,5.0
cực_kì hài_lòng,5.0
cực_kì hài_lòng,5.0
ok,5.0
cực_kì hài_lòng,5.0
ok rất hài_lòng,5.0
cực_kì hài_lòng,5.0
gh nhanh,5.0
ok,5.0
cực_kì hài_lòng,5.0
giao hàng nhanh_chóng,5.0
a,5.0
cực_kì hài_lòng,5.0
ok đẹp,5.0
cực_kì hài_lòng,5.0
cực_kì hài_lòng,5.0
cực_kì hài_lòng,5.0
cực_kì hài_lòng,5.0
cực_kì hài_lòng,5.0
tốt,5.0
cực_kì hài_lòng,5.0
cực_kì hài_lòng,5.0
cực_kì hài_lòng,5.0
cực_kì hài_lòng,5.0
cực_kì hài_lòng,5.0
cực_kì hài_lòng,5.0
cực_kì hài_lòng,5.0
cực_kì hài_lòng,5.0
cực_kì hài_lòng,5.0
cực_kì hài_lòng,5.0
cực_kì hài_lòng,5.0
cực_kì hài_lòng,5.0
cực_kì hài_lòng,5.0
cực_kì hài_lòng,5.0
cực_kì hài_lòng,5.0
cực_kì hài_lòng,5.0
cực_kì hài_lòng,5.0
cực_kì hài_lòng,5.0
cực_kì hài_lòng,5.0
ok dhop,5.0
cực_kì hài_lòng,5.0
cực_kì hài_lòng,5.0
cực_kì hài_lòng,5.0
cực_kì hài_lòng,5.0
cực_kì hài_lòng,5.0
cực_kì hài_lòng,5.0
ok,5.0
cực_kì hài_lòng,5.0
cực_kì hài_lòng,5.0
cực_kì hài_lòng,5.0
cực_kì hài_lòng,5.0
cực_kì hài_lòng,5.0
cực_kì hài_lòng,5.0
cực_kì hài_lòng,5.0
cực_kì hài_lòng,5.0
cực_kì hài_lòng,5.0
cực_kì hài_lòng,5.0
hàng chất_lượng tốt,5.0
cực_kì hài_lòng,5.0
ok,5.0
cực_kì hài_lòng,5.0
cực_kì hài_lòng,5.0
cực_kì hài_lòng,5.0
cực_kì hài_lòng,5.0
cực_kì hài_lòng,5.0
cực_kì hài_lòng,5.0
cực_kì hài_lòng,5.0
cực_kì hài_lòng,5.0
cực_kì hài_lòng,5.0
cực_kì hài_lòng,5.0
cực_kì hài_lòng,5.0
cực_kì hài_lòng,5.0
cực_kì hài_lòng,5.0
cực_kì hài_lòng,5.0
cực_kì hài_lòng,5.0
sản_phẩm tốt,5.0
cực_kì hài_lòng,5.0
cực_kì hài_lòng,5.0
cực_kì hài_lòng,5.0
cực_kì hài_lòng,5.0
cực_kì hài_lòng,5.0
tốt,5.0
cực_kì hài_lòng,5.0
cực_kì hài_lòng,5.0
giá_cả tốt,5.0
cực_kì hài_lòng,5.0
cực_kì hài_lòng,5.0
cực_kì hài_lòng,5.0
cực_kì hài_lòng,5.0
cực_kì hài_lòng,5.0
ok,5.0
cực_kì hài_lòng,5.0
cực_kì hài_lòng,5.0
cực_kì hài_lòng,5.0
cực_kì hài_lòng,5.0
cực_kì hài_lòng,5.0
cực_kì hài_lòng,5.0
cực_kì hài_lòng,5.0
cực_kì hài_lòng,5.0
ok ok,5.0
cực_kì hài_lòng,5.0
cực_kì hài_lòng,5.0
cực_kì hài_lòng,5.0
cực_kì hài_lòng,5.0
cực_kì hài_lòng,5.0
cực_kì hài_lòng,5.0
hạn sử_dụng dài,5.0
hài_lòng,5.0
cực_kì hài_lòng,5.0
cực_kì hài_lòng,5.0
nhanh và tốt,5.0
cực_kì hài_lòng,5.0
cực_kì hài_lòng,5.0
cực_kì hài_lòng,5.0
tốt giá rẻ,5.0
positive,5.0
cực_kì hài_lòng,5.0
cực_kì hài_lòng,5.0
cực_kì hài_lòng,5.0
cực_kì hài_lòng,5.0
cực_kì hài_lòng,5.0
cực_kì hài_lòng,5.0
cực_kì hài_lòng,5.0
cực_kì hài_lòng,5.0
cực_kì hài_lòng,5.0
cực_kì hài_lòng,5.0
cực_kì hài_lòng,5.0
cực_kì hài_lòng,5.0
tốt,5.0
cực_kì hài_lòng,5.0
cực_kì hài_lòng,5.0
cực_kì hài_lòng,5.0
cực_kì hài_lòng,5.0
ok,5.0
cực_kì hài_lòng,5.0
cực_kì hài_lòng,5.0
cực_kì hài_lòng,5.0
cực_kì hài_lòng,5.0
cực_kì hài_lòng,5.0
cực_kì hài_lòng,5.0
cực_kì hài_lòng,5.0
ok,5.0
ok,5.0
cực_kì hài_lòng,5.0
cực_kì hài_lòng,5.0
cực_kì hài_lòng,5.0
cực_kì hài_lòng,5.0
cực_kì hài_lòng,5.0
cực_kì hài_lòng,5.0
cực_kì hài_lòng,5.0
cực_kì hài_lòng,5.0
cực_kì hài_lòng,5.0
cực_kì hài_lòng,5.0
cực_kì hài_lòng,5.0
cực_kì hài_lòng,5.0
cực_kì hài_lòng,5.0
cực_kì hài_lòng,5.0
cực_kì hài_lòng,5.0
cực_kì hài_lòng,5.0
gia tot,5.0
cực_kì hài_lòng,5.0
cực_kì hài_lòng,5.0
sản_phẩm tot,5.0
cực_kì hài_lòng,5.0
cực_kì hài_lòng,5.0
cực_kì hài_lòng,5.0
cực_kì hài_lòng,5.0
cực_kì hài_lòng,5.0
cực_kì hài_lòng,5.0
cực_kì hài_lòng,5.0
cực_kì hài_lòng,5.0
cực_kì hài_lòng,5.0
ok,5.0
cực_kì hài_lòng,5.0
cực_kì hài_lòng,5.0
cực_kì hài_lòng,5.0
cực_kì hài_lòng,5.0
cực_kì hài_lòng,5.0
cực_kì hài_lòng,5.0
cực_kì hài_lòng,5.0
cực_kì hài_lòng,5.0
cực_kì hài_lòng,5.0
cực_kì hài_lòng,5.0
cực_kì hài_lòng,5.0
cực_kì hài_lòng,5.0
cực_kì hài_lòng,5.0
cực_kì hài_lòng,5.0
cực_kì hài_lòng,5.0
cực_kì hài_lòng,5.0
cực_kì hài_lòng,5.0
cực_kì hài_lòng,5.0
cực_kì hài_lòng,5.0
cực_kì hài_lòng,5.0
cực_kì hài_lòng,5.0
cực_kì hài_lòng,5.0
cực_kì hài_lòng,5.0
cực_kì hài_lòng,5.0
cực_kì hài_lòng,5.0
cực_kì hài_lòng,5.0
cực_kì hài_lòng,5.0
cực_kì hài_lòng,5.0
cực_kì hài_lòng,5.0
ok,5.0
cực_kì hài_lòng,5.0
tuyet vòi,5.0
cực_kì hài_lòng,5.0
cực_kì hài_lòng,5.0
cực_kì hài_lòng,5.0
cực_kì hài_lòng,5.0
cực_kì hài_lòng,5.0
cực_kì hài_lòng,5.0
cực_kì hài_lòng,5.0
rẻ,5.0
cực_kì hài_lòng,5.0
cực_kì hài_lòng,5.0
cực_kì hài_lòng,5.0
cực_kì hài_lòng,5.0
tốt,5.0
cực_kì hài_lòng,5.0
cực_kì hài_lòng,5.0
cực_kì hài_lòng,5.0
cực_kì hài_lòng,5.0
cực_kì hài_lòng,5.0
cực_kì hài_lòng,5.0
cực_kì hài_lòng,5.0
ok,5.0
giá ổn,5.0
cực_kì hài_lòng,5.0
cực_kì hài_lòng,5.0
cực_kì hài_lòng,5.0
cực_kì hài_lòng,5.0
cực_kì hài_lòng,5.0
cực_kì hài_lòng,5.0
cực_kì hài_lòng,5.0
cực_kì hài_lòng,5.0
cực_kì hài_lòng,5.0
cực_kì hài_lòng,5.0
cực_kì hài_lòng,5.0
ok,5.0
ok,5.0
cực_kì hài_lòng,5.0
cực_kì hài_lòng,5.0
cực_kì hài_lòng,5.0
cực_kì hài_lòng,5.0
cực_kì hài_lòng,5.0
cực_kì hài_lòng,5.0
tốt,5.0
cực_kì hài_lòng,5.0
cực_kì hài_lòng,5.0
cực_kì hài_lòng,5.0
cực_kì hài_lòng,5.0
cực_kì hài_lòng,5.0
cực_kì hài_lòng,5.0
cực_kì hài_lòng,5.0
cực_kì hài_lòng,5.0
cực_kì hài_lòng,5.0
tốt,5.0
cực_kì hài_lòng,5.0
cực_kì hài_lòng,5.0
sản_phẩm_chất_lượng tốt,5.0
cực_kì hài_lòng,5.0
cực_kì hài_lòng,5.0
cực_kì hài_lòng,5.0
cực_kì hài_lòng,5.0
cực_kì hài_lòng,5.0
cực_kì hài_lòng,5.0
cực_kì hài_lòng,5.0
cực_kì hài_lòng,5.0
sản_phẩm tốt,5.0
cực_kì hài_lòng,5.0
cực_kì hài_lòng,5.0
cực_kì hài_lòng,5.0
cực_kì hài_lòng,5.0
cực_kì hài_lòng,5.0
cực_kì hài_lòng,5.0
tốt,5.0
cực_kì hài_lòng,5.0
cực_kì hài_lòng,5.0
cực_kì hài_lòng,5.0
cực_kì hài_lòng,5.0
cực_kì hài_lòng,5.0
cực_kì hài_lòng,5.0
cực_kì hài_lòng,5.0
cực_kì hài_lòng,5.0
cực_kì hài_lòng,5.0
cực_kì hài_lòng,5.0
cực_kì hài_lòng,5.0
cực_kì hài_lòng,5.0
cực_kì hài_lòng,5.0
cực_kì hài_lòng,5.0
cực_kì hài_lòng,5.0
cực_kì hài_lòng,5.0
cực_kì hài_lòng,5.0
cực_kì hài_lòng,5.0
cực_kì hài_lòng,5.0
cực_kì hài_lòng,5.0
cực_kì hài_lòng,5.0
cực_kì hài_lòng,5.0
cực_kì hài_lòng,5.0
cực_kì hài_lòng,5.0
giá ưu_đãi,5.0
cực_kì hài_lòng,5.0
cực_kì hài_lòng,5.0
tot,5.0
cực_kì hài_lòng,5.0
cực_kì hài_lòng,5.0
cực_kì hài_lòng,5.0
cực_kì hài_lòng,5.0
cực_kì hài_lòng,5.0
cực_kì hài_lòng,5.0
cực_kì hài_lòng,5.0
cực_kì hài_lòng,5.0
cực_kì hài_lòng,5.0
cực_kì hài_lòng,5.0
cực_kì hài_lòng,5.0
cực_kì hài_lòng,5.0
cực_kì hài_lòng,5.0
cực_kì hài_lòng,5.0
cực_kì hài_lòng,5.0
cực_kì hài_lòng,5.0
cực_kì hài_lòng,5.0
cực_kì hài_lòng,5.0
cực_kì hài_lòng,5.0
cực_kì hài_lòng,5.0
cực_kì hài_lòng,5.0
cực_kì hài_lòng,5.0
cực_kì hài_lòng,5.0
cực_kì hài_lòng,5.0
cực_kì hài_lòng,5.0
cực_kì hài_lòng,5.0
cực_kì hài_lòng,5.0
rất ok,5.0
cực_kì hài_lòng,5.0
cực_kì hài_lòng,5.0
cực_kì hài_lòng,5.0
cực_kì hài_lòng,5.0
cực_kì hài_lòng,5.0
cực_kì hài_lòng,5.0
cực_kì hài_lòng,5.0
cực_kì hài_lòng,5.0
cực_kì hài_lòng,5.0
ok,5.0
ok,5.0
cực_kì hài_lòng,5.0
cực_kì hài_lòng,5.0
cực_kì hài_lòng,5.0
cực_kì hài_lòng,5.0
cực_kì hài_lòng,5.0
cực_kì hài_lòng,5.0
cực_kì hài_lòng,5.0
sản_phẩm tốt,5.0
ok,5.0
hơi mùi,4.0
tốt,5.0
cực_kì hài_lòng,5.0
cực_kì hài_lòng,5.0
ok,5.0
cực_kì hài_lòng,5.0
cực_kì hài_lòng,5.0
ok,5.0
cực_kì hài_lòng,5.0
cực_kì hài_lòng,5.0
ok,5.0
cực_kì hài_lòng,5.0
cực_kì hài_lòng,5.0
cực_kì hài_lòng,5.0
cực_kì hài_lòng,5.0
cực_kì hài_lòng,5.0
cực_kì hài_lòng,5.0
cực_kì hài_lòng,5.0
giao hàng nhan gói kỹ,5.0
cực_kì hài_lòng,5.0
cực_kì hài_lòng,5.0
cực_kì hài_lòng,5.0
cực_kì hài_lòng,5.0
cực_kì hài_lòng,5.0
ok,5.0
cực_kì hài_lòng,5.0
cực_kì hài_lòng,5.0
cực_kì hài_lòng,5.0
cực_kì hài_lòng,5.0
cực_kì hài_lòng,5.0
cực_kì hài_lòng,5.0
tot,5.0
cực_kì hài_lòng,5.0
cực_kì hài_lòng,5.0
cực_kì hài_lòng,5.0
cực_kì hài_lòng,5.0
cực_kì hài_lòng,5.0
cực_kì hài_lòng,5.0
cực_kì hài_lòng,5.0
cực_kì hài_lòng,5.0
cực_kì hài_lòng,5.0
cực_kì hài_lòng,5.0
cực_kì hài_lòng,5.0
cực_kì hài_lòng,5.0
cực_kì hài_lòng,5.0
ok,5.0
cực_kì hài_lòng,5.0
cực_kì hài_lòng,5.0
cực_kì hài_lòng,5.0
giao hàng cực nhanh,5.0
cực_kì hài_lòng,5.0
cực_kì hài_lòng,5.0
cực_kì hài_lòng,5.0
cực_kì hài_lòng,5.0
cực_kì hài_lòng,5.0
cực_kì hài_lòng,5.0
cực_kì hài_lòng,5.0
cực_kì hài_lòng,5.0
cực_kì hài_lòng,5.0
cực_kì hài_lòng,5.0
cực_kì hài_lòng,5.0
cực_kì hài_lòng,5.0
cực_kì hài_lòng,5.0
cực_kì hài_lòng,5.0
cực_kì hài_lòng,5.0
cực_kì hài_lòng,5.0
cực_kì hài_lòng,5.0
cực_kì hài_lòng,5.0
cực_kì hài_lòng,5.0
cực_kì hài_lòng,5.0
cực_kì hài_lòng,5.0
tốt,5.0
cực_kì hài_lòng,5.0
cực_kì hài_lòng,5.0
cực_kì hài_lòng,5.0
cực_kì hài_lòng,5.0
cực_kì hài_lòng,5.0
cực_kì hài_lòng,5.0
cực_kì hài_lòng,5.0
cực_kì hài_lòng,5.0
cực_kì hài_lòng,5.0
cực_kì hài_lòng,5.0
cực_kì hài_lòng,5.0
ok,5.0
cực_kì hài_lòng,5.0
cực_kì hài_lòng,5.0
cực_kì hài_lòng,5.0
cực_kì hài_lòng,5.0
cực_kì hài_lòng,5.0
cực_kì hài_lòng,5.0
rẻ,5.0
cực_kì hài_lòng,5.0
cực_kì hài_lòng,5.0
cực_kì hài_lòng,5.0
cực_kì hài_lòng,5.0
cực_kì hài_lòng,5.0
cực_kì hài_lòng,5.0
cực_kì hài_lòng,5.0
cực_kì hài_lòng,5.0
cực_kì hài_lòng,5.0
cực_kì hài_lòng,5.0
cực_kì hài_lòng,5.0
cực_kì hài_lòng,5.0
cực_kì hài_lòng,5.0
cực_kì hài_lòng,5.0
cực_kì hài_lòng,5.0
cực_kì hài_lòng,5.0
cực_kì hài_lòng,5.0
cực_kì hài_lòng,5.0
cực_kì hài_lòng,5.0
cực_kì hài_lòng,5.0
cực_kì hài_lòng,5.0
cực_kì hài_lòng,5.0
cực_kì hài_lòng,5.0
cực_kì hài_lòng,5.0
cực_kì hài_lòng,5.0
cực_kì hài_lòng,5.0
cực_kì hài_lòng,5.0
cực_kì hài_lòng,5.0
cực_kì hài_lòng,5.0
cực_kì hài_lòng,5.0
cực_kì hài_lòng,5.0
cực_kì hài_lòng,5.0
cực_kì hài_lòng,5.0
cực_kì hài_lòng,5.0
cực_kì hài_lòng,5.0
cực_kì hài_lòng,5.0
cực_kì hài_lòng,5.0
cực_kì hài_lòng,5.0
cực_kì hài_lòng,5.0
cực_kì hài_lòng,5.0
sản_phẩm ok,5.0
cực_kì hài_lòng,5.0
cực_kì hài_lòng,5.0
cực_kì hài_lòng,5.0
cực_kì hài_lòng,5.0
cực_kì hài_lòng,5.0
cực_kì hài_lòng,5.0
cực_kì hài_lòng,5.0
cực_kì hài_lòng,5.0
cực_kì hài_lòng,5.0
cực_kì hài_lòng,5.0
cực_kì hài_lòng,5.0
hài_lòng,5.0
cực_kì hài_lòng,5.0
cực_kì hài_lòng,5.0
cực_kì hài_lòng,5.0
cực_kì hài_lòng,5.0
cực_kì hài_lòng,5.0
cực_kì hài_lòng,5.0
cực_kì hài_lòng,5.0
cực_kì hài_lòng,5.0
cực_kì hài_lòng,5.0
cực_kì hài_lòng,5.0
cực_kì hài_lòng,5.0
cực_kì hài_lòng,5.0
cực_kì hài_lòng,5.0
cực_kì hài_lòng,5.0
cực_kì hài_lòng,5.0
cực_kì hài_lòng,5.0
cực_kì hài_lòng,5.0
cực_kì hài_lòng,5.0
cực_kì hài_lòng,5.0
cực_kì hài_lòng,5.0
cực_kì hài_lòng,5.0
cực_kì hài_lòng,5.0
cực_kì hài_lòng,5.0
ok,5.0
cực_kì hài_lòng,5.0
cực_kì hài_lòng,5.0
cực_kì hài_lòng,5.0
cực_kì hài_lòng,5.0
cực_kì hài_lòng,5.0
cực_kì hài_lòng,5.0
cực_kì hài_lòng,5.0
cực_kì hài_lòng,5.0
cực_kì hài_lòng,5.0
cực_kì hài_lòng,5.0
cực_kì hài_lòng,5.0
cực_kì hài_lòng,5.0
cực_kì hài_lòng,5.0
cực_kì hài_lòng,5.0
cực_kì hài_lòng,5.0
cực_kì hài_lòng,5.0
cực_kì hài_lòng,5.0
cực_kì hài_lòng,5.0
cực_kì hài_lòng,5.0
cực_kì hài_lòng,5.0
cực_kì hài_lòng,5.0
cực_kì hài_lòng,5.0
cực_kì hài_lòng,5.0
cực_kì hài_lòng,5.0
cực_kì hài_lòng,5.0
cực_kì hài_lòng,5.0
cực_kì hài_lòng,5.0
cực_kì hài_lòng,5.0
cực_kì hài_lòng,5.0
cực_kì hài_lòng,5.0
cực_kì hài_lòng,5.0
cực_kì hài_lòng,5.0
cực_kì hài_lòng,5.0
cực_kì hài_lòng,5.0
ok,5.0
cực_kì hài_lòng,5.0
cực_kì hài_lòng,5.0
cực_kì hài_lòng,5.0
cực_kì hài_lòng,5.0
cực_kì hài_lòng,5.0
dùng an_toàn,5.0
cực_kì hài_lòng,5.0
tốt,5.0
cực_kì hài_lòng,5.0
cực_kì hài_lòng,5.0
cực_kì hài_lòng,5.0
cực_kì hài_lòng,5.0
cực_kì hài_lòng,5.0
ok,5.0
cực_kì hài_lòng,5.0
cực_kì hài_lòng,5.0
cực_kì hài_lòng,5.0
cực_kì hài_lòng,5.0
cực_kì hài_lòng,5.0
cực_kì hài_lòng,5.0
ok,5.0
cực_kì hài_lòng,5.0
cực_kì hài_lòng,5.0
cực_kì hài_lòng,5.0
cực_kì hài_lòng,5.0
cực_kì hài_lòng,5.0
gdfh,5.0
cực_kì hài_lòng,5.0
cực_kì hài_lòng,5.0
cực_kì hài_lòng,5.0
cực_kì hài_lòng,5.0
cực_kì hài_lòng,5.0
cực_kì hài_lòng,5.0
cực_kì hài_lòng,5.0
cực_kì hài_lòng,5.0
cực_kì hài_lòng,5.0
cực_kì hài_lòng,5.0
cực_kì hài_lòng,5.0
cực_kì hài_lòng,5.0
cực_kì hài_lòng,5.0
cực_kì hài_lòng,5.0
cực_kì hài_lòng,5.0
cực_kì hài_lòng,5.0
ok,5.0
cực_kì hài_lòng,5.0
cực_kì hài_lòng,5.0
cực_kì hài_lòng,5.0
cực_kì hài_lòng,5.0
cực_kì hài_lòng,5.0
cực_kì hài_lòng,5.0
cực_kì hài_lòng,5.0
cực_kì hài_lòng,5.0
cực_kì hài_lòng,5.0
cực_kì hài_lòng,5.0
cực_kì hài_lòng,5.0
cực_kì hài_lòng,5.0
cực_kì hài_lòng,5.0
cực_kì hài_lòng,5.0
cực_kì hài_lòng,5.0
cực_kì hài_lòng,5.0
cực_kì hài_lòng,5.0
cực_kì hài_lòng,5.0
cực_kì hài_lòng,5.0
cực_kì hài_lòng,5.0
rất hài_lòng giá_cả hợp_lý,5.0
ok,5.0
cực_kì hài_lòng,5.0
cực_kì hài_lòng,5.0
cực_kì hài_lòng,5.0
mềm mịn không_kích_ứng da khi sử_dụng cho bé,5.0
cực_kì hài_lòng,5.0
cực_kì hài_lòng,5.0
cực_kì hài_lòng,5.0
cực_kì hài_lòng,5.0
cực_kì hài_lòng,5.0
cực_kì hài_lòng,5.0
cực_kì hài_lòng,5.0
sản_phẩm tốt,5.0
cực_kì hài_lòng,5.0
cực_kì hài_lòng,5.0
cực_kì hài_lòng,5.0
cực_kì hài_lòng,5.0
cực_kì hài_lòng,5.0
cực_kì hài_lòng,5.0
cực_kì hài_lòng,5.0
sản_phẩm tôt,5.0
cực_kì hài_lòng,5.0
cực_kì hài_lòng,5.0
cực_kì hài_lòng,5.0
cực_kì hài_lòng,5.0
cực_kì hài_lòng,5.0
cực_kì hài_lòng,5.0
cực_kì hài_lòng,5.0
cực_kì hài_lòng,5.0
cực_kì hài_lòng,5.0
cực_kì hài_lòng,5.0
cực_kì hài_lòng,5.0
cực_kì hài_lòng,5.0
cực_kì hài_lòng,5.0
cực_kì hài_lòng,5.0
cực_kì hài_lòng,5.0
cực_kì hài_lòng,5.0
cực_kì hài_lòng,5.0
cực_kì hài_lòng,5.0
cực_kì hài_lòng,5.0
cực_kì hài_lòng,5.0
cực_kì hài_lòng,5.0
cực_kì hài_lòng,5.0
hàng mới sx còn nguyên bao_bì,5.0
cực_kì hài_lòng,5.0
cực_kì hài_lòng,5.0
cực_kì hài_lòng,5.0
cực_kì hài_lòng,5.0
cực_kì hài_lòng,5.0
cực_kì hài_lòng,5.0
cực_kì hài_lòng,5.0
ok,5.0
cực_kì hài_lòng,5.0
cực_kì hài_lòng,5.0
cực_kì hài_lòng,5.0
cực_kì hài_lòng,5.0
cực_kì hài_lòng,5.0
cực_kì hài_lòng,5.0
cực_kì hài_lòng,5.0
cực_kì hài_lòng,5.0
cực_kì hài_lòng,5.0
cực_kì hài_lòng,5.0
cực_kì hài_lòng,5.0
cực_kì hài_lòng,5.0
cực_kì hài_lòng,5.0
cực_kì hài_lòng,5.0
giá tốt chất_lượng tốt hài_lòng,5.0
cực_kì hài_lòng,5.0
cực_kì hài_lòng,5.0
cực_kì hài_lòng,5.0
cực_kì hài_lòng,5.0
cực_kì hài_lòng,5.0
cực_kì hài_lòng,5.0
cực_kì hài_lòng,5.0
cực_kì hài_lòng,5.0
cực_kì hài_lòng,5.0
cực_kì hài_lòng,5.0
cực_kì hài_lòng,5.0
cực_kì hài_lòng,5.0
cực_kì hài_lòng,5.0
cực_kì hài_lòng,5.0
cực_kì hài_lòng,5.0
cực_kì hài_lòng,5.0
cực_kì hài_lòng,5.0
cực_kì hài_lòng,5.0
ok,5.0
cực_kì hài_lòng,5.0
giao hang nhanh hang moi rất tốt lai được giam gia,5.0
cực_kì hài_lòng,5.0
cực_kì hài_lòng,5.0
cực_kì hài_lòng,5.0
cực_kì hài_lòng,5.0
cực_kì hài_lòng,5.0
cực_kì hài_lòng,5.0
cực_kì hài_lòng,5.0
cực_kì hài_lòng,5.0
cực_kì hài_lòng,5.0
cực_kì hài_lòng,5.0
cực_kì hài_lòng,5.0
cực_kì hài_lòng,5.0
cực_kì hài_lòng,5.0
cực_kì hài_lòng,5.0
cực_kì hài_lòng,5.0
cực_kì hài_lòng,5.0
cực_kì hài_lòng,5.0
cực_kì hài_lòng,5.0
cực_kì hài_lòng,5.0
cực_kì hài_lòng,5.0
cực_kì hài_lòng,5.0
cực_kì hài_lòng,5.0
cực_kì hài_lòng,5.0
cực_kì hài_lòng,5.0
cực_kì hài_lòng,5.0
cực_kì hài_lòng,5.0
cực_kì hài_lòng,5.0
cực_kì hài_lòng,5.0
cực_kì hài_lòng,5.0
cực_kì hài_lòng,5.0
cực_kì hài_lòng,5.0
cực_kì hài_lòng,5.0
cực_kì hài_lòng,5.0
cực_kì hài_lòng,5.0
tốt,5.0
tốt,5.0
tốt,5.0
cực_kì hài_lòng,5.0
giao nhanh đóng_gói cẩn_thận,5.0
cực_kì hài_lòng,5.0
cực_kì hài_lòng,5.0
khăn xài rất ok,5.0
cực_kì hài_lòng,5.0
cực_kì hài_lòng,5.0
cực_kì hài_lòng,5.0
cực_kì hài_lòng,5.0
cực_kì hài_lòng,5.0
cực_kì hài_lòng,5.0
cực_kì hài_lòng,5.0
cực_kì hài_lòng,5.0
cực_kì hài_lòng,5.0
cực_kì hài_lòng,5.0
sản_phẩm rất ok,5.0
trước giờ tôi mua hàng tiki thì tôi rất an_tâm về nhân_sự nhưng chỉ vì không ném thùng hàng của vào trong nhà mà tôi mất hết toàn_bộ hàng nếu ai người giao hàng cho tôi thì tôi xin nói luôn làm kiểu đó thì biến ngay tôi xác_nhận rất rõ_ràng là cứ ném vào trong nhà đi vì nó chỉ là khăn giấy ướt thôi mà ném vào tôi chịu mà,1.0
cực_kì hài_lòng,5.0
hàng ok,5.0
cực_kì hài_lòng,5.0
khăn mềm dễ lau,5.0
cực_kì hài_lòng,5.0
cực_kì hài_lòng,5.0
cực_kì hài_lòng,5.0
cực_kì hài_lòng,5.0
chưa đọc,5.0
cực_kì hài_lòng,5.0
cực_kì hài_lòng,5.0
cực_kì hài_lòng,5.0
cực_kì hài_lòng,5.0
cực_kì hài_lòng,5.0
cực_kì hài_lòng,5.0
cực_kì hài_lòng,5.0
cực_kì hài_lòng,5.0
cực_kì hài_lòng,5.0
cực_kì hài_lòng,5.0
cực_kì hài_lòng,5.0
cực_kì hài_lòng,5.0
cực_kì hài_lòng,5.0
sfhgf,5.0
cực_kì hài_lòng,5.0
cực_kì hài_lòng,5.0
cực_kì hài_lòng,5.0
cực_kì hài_lòng,5.0
cực_kì hài_lòng,5.0
cực_kì hài_lòng,5.0
cực_kì hài_lòng,5.0
cực_kì hài_lòng,5.0
cực_kì hài_lòng,5.0
cực_kì hài_lòng,5.0
cực_kì hài_lòng,5.0
cực_kì hài_lòng,5.0
cực_kì hài_lòng,5.0
ok nhé,5.0
cực_kì hài_lòng,5.0
cực_kì hài_lòng,5.0
cực_kì hài_lòng,5.0
cực_kì hài_lòng,5.0
cực_kì hài_lòng,5.0
tốt,5.0
hài_lòng,5.0
cực_kì hài_lòng,5.0
cực_kì hài_lòng,5.0
cực_kì hài_lòng,5.0
5star ) ),5.0
cực_kì hài_lòng,5.0
cực_kì hài_lòng,5.0
cực_kì hài_lòng,5.0
cực_kì hài_lòng,5.0
cực_kì hài_lòng,5.0
cl sản_phẩm tốt,5.0
cực_kì hài_lòng,5.0
cực_kì hài_lòng,5.0
cực_kì hài_lòng,5.0
cực_kì hài_lòng,5.0
cực_kì hài_lòng,5.0
cực_kì hài_lòng,5.0
cực_kì hài_lòng,5.0
cực_kì hài_lòng,5.0
cực_kì hài_lòng,5.0
cực_kì hài_lòng,5.0
cực_kì hài_lòng,5.0
cực_kì hài_lòng,5.0
cực_kì hài_lòng,5.0
cực_kì hài_lòng,5.0
cực_kì hài_lòng,5.0
cực_kì hài_lòng,5.0
cực_kì hài_lòng,5.0
cực_kì hài_lòng,5.0
cực_kì hài_lòng,5.0
cực_kì hài_lòng,5.0
cực_kì hài_lòng,5.0
cực_kì hài_lòng,5.0
cực_kì hài_lòng,5.0
cực_kì hài_lòng,5.0
cực_kì hài_lòng,5.0
cực_kì hài_lòng,5.0
cực_kì hài_lòng,5.0
cực_kì hài_lòng,5.0
cực_kì hài_lòng,5.0
,5.0
cực_kì hài_lòng,5.0
cực_kì hài_lòng,5.0
cực_kì hài_lòng,5.0
cực_kì hài_lòng,5.0
cực_kì hài_lòng,5.0
cực_kì hài_lòng,5.0
cực_kì hài_lòng,5.0
cực_kì hài_lòng,5.0
cực_kì hài_lòng,5.0
cực_kì hài_lòng,5.0
cực_kì hài_lòng,5.0
cực_kì hài_lòng,5.0
cực_kì hài_lòng,5.0
cực_kì hài_lòng,5.0
cực_kì hài_lòng,5.0
cực_kì hài_lòng,5.0
cực_kì hài_lòng,5.0
cực_kì hài_lòng,5.0
cực_kì hài_lòng,5.0
cực_kì hài_lòng,5.0
cực_kì hài_lòng,5.0
cực_kì hài_lòng,5.0
cực_kì hài_lòng,5.0
cực_kì hài_lòng,5.0
cực_kì hài_lòng,5.0
cực_kì hài_lòng,5.0
cực_kì hài_lòng,5.0
cực_kì hài_lòng,5.0
cực_kì hài_lòng,5.0
cực_kì hài_lòng,5.0
cực_kì hài_lòng,5.0
cực_kì hài_lòng,5.0
cực_kì hài_lòng,5.0
cực_kì hài_lòng,5.0
cực_kì hài_lòng,5.0
cực_kì hài_lòng,5.0
cực_kì hài_lòng,5.0
cực_kì hài_lòng,5.0
cực_kì hài_lòng,5.0
cực_kì hài_lòng,5.0
cực_kì hài_lòng,5.0
cực_kì hài_lòng,5.0
cực_kì hài_lòng,5.0
cực_kì hài_lòng,5.0
cực_kì hài_lòng,5.0
cực_kì hài_lòng,5.0
cực_kì hài_lòng,5.0
cực_kì hài_lòng,5.0
cực_kì hài_lòng,5.0
cực_kì hài_lòng,5.0
cực_kì hài_lòng,5.0
cực_kì hài_lòng,5.0
cực_kì hài_lòng,5.0
mùa dịch giao hàng mất 8 ngày mới nhận được nhưng quà tặng kèm là đệm nôi mony cho bé thì dính bẩn từ trước háo_hức đợi để cho em bé xài mà như vậy tiki đã tạo lệnh thu_hồi cho mình hi_vọng tiki sẽ đổi 1 sản_phẩm mới và gửi lại đã mua rất nhiều hàng của tiki rồi hi_vọng sẽ được gửi lại sản_phẩm mới chứ không phải mã giảm_giá gian chính hãng tiki lần này làm_ăn chán quá còn khăn ướt thì không vấn_đề gì,1.0
khâu bọc hàng chưa kỹ nên khi nhận rách bọc ngoài mong sử_dụng tốt,4.0
chất_lượng khăn ướt thi khoi ban_vi boby qua tốt roi điều mình không hai long là tiki trading tặng quà cho khách nhưng lại bắt khách trả tiền mon quà tặng như cậy là bán chứ tặng gì bịch khăn boby 41 ngan được 100 tờ còn tiki bán bịch khăn tí_xíu mà 20k vãi cả quà tặng của tiki,1.0
cảm_giác sản_phẩm không được sắc nét bao_bì màu_sắc nhạt_nhoà không giống như mua trong siêu_thị nhìn cứ như hàng nhái mà bao_bì lạ nữa loại chữ nano bạc ngóc trái cũng 100 miếng mà góc phải bao_bì mới cũ à mua tikitranding mà sao vẫn thấy lo nhở chỉ được_cái giao hàng cực nhanh,2.0
mình đặt combo 6 gói khăn ướt nhưng giao chỉ có 4 gói nhà bán kiểm_tra lại giúp mình,1.0
kiện hàng giao rất lâu có_thể vì dịch mình thông_cảm nhưng thùng hàng nhận về tay thì nát_vậy,5.0
sản_phẩm ok vì mua nhiều rồi mà đóng_gói lần này thất_vọng quá vận_chuyển bị rách bẩn vỏ khăn giấy negative negative nên cho tạm 3star đó giờ mua tiki nhiều mà lần đầu phải đánh_giá vậy luôn,1.0
giá ok sản_phẩm ok nhưng trừ 1star vì đóng_gói ẩu không có lớp chống sốc nào cả chỉ cuộn có lớp bì ni long cho 12 gói khăn ướt mẫu_mã mới hay sao mà hơi lạ,4.0
để hình thì đơn 1tr199 tặng xe scoter 11 1 mình mua đơn trên 1tr199 ngày 11 1 không thấy tặng gì lừa_đảo ghê,1.0
đã mua nhiều lần do tiki bán nhưng lần này đóng_gói quá tệ nhận hàng thấy nilon bao quanh bung ra nhiều xộc_xệch,1.0
khăn ướt dùng kích_ứng ngứa mẩn đỏ thất_vọng quá mình người_lớn sử_dụng lau cổ và miệng mà còn thấy ngứa châm_chích sao dám dùng cho con mình đây,1.0
giao thiếu bịch khăn giấy,1.0
mua gói 6 gói khăn mà giao chỉ có 5 bọc có dấu_hiệu bị rách cần hỗ_trợ ngay,1.0
khăn ướt ok nhưng giao hàng lâu ( trong hcm mà 10 ngày ) đóng_gói sơ xài quá lúc nhận là tanh_bành cái vỏ giấy rồi mong tiki xem_lại bên đóng_gói,5.0
giao thiếu cả 6 gói khăn ướt mất_toi 150k trên đơn hàng thì chẳng ghi mua sản_phẩm nào để nguoi nhà kiểm mình mắc đi cách_ly để nguoi nhà nhận tin tuong ai_ngờ như_vậy thất_vọng,1.0
mua sl nhiều chủ_yếu nhận quà thế_mà tự_động chia đơn ra rồi không biết quà có tới tay không nữa nếu có tới thì sẽ phải đợi bao_lâu nữa cảm_thấy ngày_càng thất_vọng với tiki,1.0
giao hàng không đúng như ảnh trên website không có lời giải_thích rõ_ràng sản_phẩm bao_bì có vẻ không chất_lượng như sản_phẩm đăng trên website cảm_thấy thất_vọng,1.0
cửa_hàng mới giao bỉm còn thiếu combo mấy bịch khắn ướt của mình,1.0
quả ng cáo mua đơn hàng 1199k tặng cái xe duy_nhất ngày 11 1 làm mình mua quá chưng hết 1tr368 mà giao không có sản_phẩm tặng,1.0
hài_lòng,5.0
hàng mình nhận đúng thời_gian mà sao thùng thì bị khui và không có phần quà như đơn đặt_hàng,1.0
mùi hơi hắc không dễ_chịu như loại có hương,4.0
mình đặt combo 6 gói sao gui minh co 5 goi thất_vọng,1.0
hàng chuẩn hình đã đặt mua,5.0
đặt kèm mua ngày 19 11 cho đủ đơn 1tr để nhận quà tặng mà quà tặng bị huỷ không có thông_báo lý_do,1.0
đợi hàng rõ lâu mà đến lúc nhận hàng rồi giao hàng lại báo là bên tiki tự huỷ đơn nên thu_hồi lại quá thất_vọng cách làm_việc của tiki,1.0
mình đặt combo 6 gói khi nhận hàng thì gói hàng bị mở và thiếu mất 1 gói mình cảm_thấy không hài_lòng về dịch_vụ giao hàng,1.0
tách đơn hàng khuyến_mại sau khi mình nhận hàng và thanh_toán thì bên nhà bán huỷ đơn hàng khuyến_mại không giao luôn lừa_đảo á,1.0
mua tận 6 gói khăn ướt mà đóng_gói sơ xài chỉ có bọc bao ni lông ở ngoài giao hàng giao tới thì rách nhìn không có thiện_cảm,1.0
mua được giá sale rất ok nhưng lần này mua thấy bao_bì khác những lần trước không biết có phải do đổi mẫu k,5.0
khăn ướt dai nhưng mỏng mỗi lần rút ra cả tệp chứ không ra từng cái 1 nên chỉ cho 3star thôi,4.0
đặt 2 đơn 10 combo nhưng có 1 đơn không bỏ vô thùng nên khi nhận hàng gói khăn bị tươm nước ra ngoài ướt hết,1.0
sản_phẩm bao_bì khác so với thị_trường sản_phẩm có mùi chua,5.0
đóng_gói cẩu_thả chỉ có 1 lớp bọc bên ngoài sản_phẩm thì ok nhưng cũng cho 5s để sửa lỗi đóng_gói,4.0
giá rẻ,5.0
như thông_tin trên sản_phẩm tuy_nhiên rút khăn ra hay bị ra 1 nùi,4.0
hài_lòng,5.0
tại sau mẫu lại không giống,1.0
chưa có thấy loại này bao_giờ khác với bopy mình mua không biết phải hàng giả không,1.0
đóng_gói cẩn_thận gửi hàng lâu do dịch,5.0
trừ 1star vì giao hàng quá lâu từ lúc tiếp_nhận đơn hàng đến lúc tiếp_nhận đóng_gói đúng 1 tháng,1.0
black friday thấy để mua trên 475k được tặng thú bông mền nhưng nhận hàng không thấy quà tặng,1.0
chưa xài nên chưa đánh_giá được chất_lượng giao hàng tốt hạn sử_dụng còn xa hài_lòng,5.0
giao hơi lâu và có hàng chảy trước,4.0
sao trong đơn không có bộ đồ_chơi nhà_bếp và khăn ướt tặng,1.0
ok để xài 360live xem sao đã,5.0
mua hàng nói tặng quà mà cuối_cùng lại huỷ không tặng mà cũng không giải_thích gì,1.0
khăn ướt natural thì vẫn có mùi và hăm bé nghiệm ra nên xài khăn khô nhúng nước hơn,4.0
hàng giao thùng hơi bị móp méo chắc do bên giao hàng không cẩn_thận đè đồ lên nhưng khăn ướt bên trong không bị gì hạn sử_dụng tới 2023 nên cứ từ từ xài,5.0
giá rẻ,5.0
sản_phẩm tốt mua được giá sale giao hàng nhanh hạn sử_dụng còn xa,5.0
gói hàng cẩn_thận hài_lòng,5.0
sản_phẩm tốt nhưng thời_gian giao hàng rất lâu dù đây là mặt_hàng thiết_yếu,5.0
ok,5.0
sản_phẩm ok nhưng giao hàng chậm quá đặt_hàng 26 / 8 4 / 9 đến 11 / 9 mới nhận,1.0
hài_lòng,5.0
hài_lòng,5.0
giao hàng tệ_hại nhà khoá cửa quăng hàng trước cửa vĩnh_biệt tiki,1.0
hài_lòng,5.0
hài_lòng,5.0
hài_lòng,5.0
hài_lòng,5.0
chưa nhận được hàng đã bao là nhận được là sao kì_vậy,1.0
sản_phẩm tốt đóng_gói gọn giao hàng nhanh,5.0
hài_lòng,5.0
hài_lòng,5.0
giao hàng như shit không còn gì để nói,1.0
chất_lượng phù_hợp với giá tiền,5.0
mùi không thơm mới hình_như gần hết hạn sử_dụng nên mùi hắt,5.0
hài_lòng,5.0
hài_lòng,5.0
hài_lòng,5.0
hài_lòng,5.0
giao hàng lâu quá dự_kiến ngày giao hàng không chính_xác,5.0
hài_lòng,5.0
hài_lòng,5.0
hài_lòng,5.0
hài_lòng,5.0
hài_lòng,5.0
cũng bình_thường cũng được,3.0
hài_lòng,5.0
hài_lòng,5.0
sản_phẩm tốt giao hàng nhanh hài_lòng khi mua,5.0
giá tốt so với thị_trường,5.0
hài_lòng,5.0
hài_lòng về sản_phẩm chỉ có điều giao hàng hơi lâu,4.0
không thanh_toán được đơn hàng nầy,1.0
tikinow gì mà giao hàng chậm quá,1.0
rất hai long,5.0
hài_lòng,5.0
sản_phẩm tốt,5.0
đặt_hàng 3 tháng mới giao lên tới,5.0
hang_chất luong nhung giao hàng quá lâu,5.0
giá_cả hợp_lý,5.0
đóng_gói sơ xài quá xấu gì h,1.0
hàng xài êm lắm ạ,5.0
giao hàng quá chậm hơi bị thất_vọng,1.0
đóng_gói đơn_giản,5.0
sản_phẩm tốt giao hàng như thế_là lâu,5.0
hài_lòng,5.0
lừa_đảo khuyến_mãi không có thật,1.0
sản_phẩm tốt nhưng giao hàng quá chậm,5.0
hài_lòng,5.0
hàng nhận như hình chất_lượng tốt,5.0
ok,5.0
tốt hài_lòng … … … … … a,5.0
rất hài_lòng,5.0
dùng tốt gửi hàng nước chảy ra khỏi gói,5.0
đợt này tiki giao hàng quá lâu,5.0
đóng_gói rất tệ,1.0
thất_vọng về chương_trình,1.0
hài_lòng,5.0
hài_lòng,5.0
tạm hài_long,4.0
ok nhưng giáo hàng khá lâu,5.0
hài_lòng,5.0
hài_lòng,5.0
hài_lòng,5.0
hài_lòng,5.0
hài_lòng,5.0
hài_lòng,5.0
hài_lòng,5.0
hài_lòng,5.0
hài_lòng,5.0
hài_lòng,5.0
,5.0
hài_lòng,5.0
hài_lòng,5.0
hài_lòng,5.0
gói hàng chưa cẩn_thận,5.0
hài_lòng,5.0
hài_lòng,5.0
sản_phẩm xài ok giá rẻ,5.0
hài_lòng,5.0
sản_phẩm đẹp,5.0
hài_lòng,5.0
hài_lòng,5.0
hài_lòng,5.0
giao hàng quá lâu,5.0
hài_lòng,5.0
hài_lòng,5.0
hài_lòng,5.0
hài_lòng,5.0
sản_phẩm hơi có mùi dùng cũng ok,5.0
hài_lòng,5.0
hài_lòng,5.0
hài_lòng,5.0
hài_lòng,5.0
hài_lòng,5.0
hài_lòng,5.0
hài_lòng,5.0
hài_lòng,5.0
sản_phẩm khá hài_lòng toàn_cảnh sale mua 1 lần,5.0
hài_lòng,5.0
chất_lượng ok,5.0
hài_lòng,5.0
hài_lòng,5.0
hài_lòng,5.0
okok,5.0
bên đối_tác giao hàng để hàng hía rất bẩn,1.0
hài_lòng,5.0
hài_lòng,5.0
hài_lòng,5.0
hài_lòng,5.0
hài_lòng,5.0
hài_lòng,5.0
hài_lòng,5.0
hài_lòng,5.0
hài_lòng,5.0
hài_lòng,5.0
hài_lòng,5.0
hài_lòng,5.0
hài_lòng,5.0
hài_lòng,5.0
hài_lòng,5.0
hài_lòng,5.0
hài_lòng,5.0
sản_phẩm tốt hạn sử_dụng còn xa,5.0
hài_lòng,5.0
hài_lòng,5.0
hài_lòng,5.0
hài_lòng,5.0
hài_lòng,5.0
hài_lòng,5.0
hài_lòng,5.0
hài_lòng,5.0
hài_lòng,5.0
hài_lòng,5.0
ok,5.0
hài_lòng,5.0
hài_lòng,5.0
hài_lòng,5.0
hài_lòng,5.0
ngon,5.0
tốt,5.0
hài_lòng,5.0
hài_lòng,5.0
hài_lòng,5.0
ok,5.0
hài_lòng,5.0
tưởng tiết_kiệm mà giá tính ra mắc hơn siêu_thị,5.0
hài_lòng,5.0
hài_lòng,5.0
hài_lòng,5.0
hài_lòng,5.0
hài_lòng,5.0
hài_lòng,5.0
ok,5.0
hài_lòng,5.0
hài_lòng,5.0
hài_lòng,5.0
hài_lòng,5.0
hài_lòng,5.0
hài_lòng,5.0
hài_lòng,5.0
hài_lòng,5.0
hài_lòng,5.0
hài_lòng,5.0
hài_lòng,5.0
hài_lòng,5.0
hài_lòng,5.0
hài_lòng,5.0
hài_lòng,5.0
hài_lòng,5.0
,5.0
hài_lòng,5.0
hài_lòng,5.0
hài_lòng,5.0
hài_lòng,5.0
hài_lòng,5.0
hài_lòng,5.0
hài_lòng,5.0
hài_lòng,5.0
hài_lòng,5.0
hài_lòng,5.0
sản_phẩm b gì uot thoi han ok,4.0
hài_lòng,5.0
hài_lòng,5.0
hài_lòng,5.0
hài_lòng,5.0
bình_thường,3.0
hài_lòng,5.0
hài_lòng,5.0
hài_lòng,5.0
bình_thường,3.0
bình_thường,3.0
hài_lòng,5.0
hài_lòng,5.0
hài_lòng,5.0
hài_lòng,5.0
( star ) đánh_giá không tính điểm mọi người nhìn thử xem có chấp_nhận được cái cách đóng_gói như thế này không quấn 1 lớp màng bọc bên ngoài rồi gửi lần đầu_tiên nhận 1 cục hàng tệ_hại như_vậy,1.0
